Dataset/TF/F/Leave_a_bad_review__This_IoT_garage_door_opener_maker_may_brick_your_device.txt,0,NA,NA,NA,0,NA,NA,2.1,NA,NA,NA,4.64,2.3,NA,2.35,NA,3.67,NA,NA,NA,2.79,NA,NA,NA,5.15,NA,4.28,NA,1.46,NA,NA,NA,NA,NA,3.13,NA,2.67,2.67,1.76,NA,NA,NA,NA,9.62,1.96,NA,6.63,2.97,NA,3.05,NA,2.86,NA,4.11,NA,NA,NA,NA,NA,NA,NA,NA,NA,NA,NA,1.64,NA,NA,NA,3.04,2.96,NA,NA,NA,NA,2.3,NA,NA,NA,NA,NA,NA,NA,6.5,NA,4.73,NA,NA,2.54,NA,NA,4.02,NA,NA,NA,2.53,NA,NA,NA,NA,NA,NA,NA,NA,1.62,3.88,2.93,1.4,5.54,2.33,13.98,2.21,NA,1.66,3.14,1.96,2.2,4.32,1.91,5.36,2.26,4.35,4.11,2.32,3.77,4.93,2.71,3.26,2.71,1.54,NA,2.19,3.49,3.49,2.74,3.32,2.71,2.99,2.17,6.75,4.96,6.76,3.24,14.12,1.73,5.43,
Dataset/TF/F/Why_it's_a_good_idea_to_clear_your_browser_history_and_cookies.txt,0,NA,NA,NA,2.1,NA,NA,0,NA,NA,NA,1.99,1.79,NA,1.72,NA,2.22,NA,NA,NA,9.34,NA,NA,NA,1.61,NA,2.18,NA,1.88,NA,NA,NA,NA,NA,2.86,NA,0.96,0.96,1.46,NA,NA,NA,NA,2.94,2.08,NA,2.13,2.92,NA,4.95,NA,4.29,NA,1.67,NA,NA,NA,NA,NA,NA,NA,NA,NA,NA,NA,2.47,NA,NA,NA,9.77,2,NA,NA,NA,NA,2.7,NA,NA,NA,NA,NA,NA,NA,1.9,NA,3.79,NA,NA,2.76,NA,NA,1.56,NA,NA,NA,2.4,NA,NA,NA,NA,NA,NA,NA,NA,2.44,3.35,1.58,2.28,2.21,1.13,3.53,2.42,NA,2.27,1.29,2.08,3.95,4.11,1.61,2.64,1.61,2.85,1.43,1.58,1.44,1.26,1.64,2.59,2.88,1.87,NA,2.2,2.16,1.95,4.52,2.27,2.16,2.78,4.15,1.78,1.93,1.74,1.77,2.34,2.73,1.13,
Dataset/TF/F_(2)/Ask_a_Security_Professional-_WordPress_Database_Security_Part_One_—_Anatomy_of_WordPress.txt,0,NA,NA,NA,4.64,NA,NA,1.99,NA,NA,NA,0,1.42,NA,1.24,NA,3.27,NA,NA,NA,1.56,NA,NA,NA,2.72,NA,2.06,NA,2.17,NA,NA,NA,NA,NA,2.65,NA,1.01,1.01,1.85,NA,NA,NA,NA,5.74,1.62,NA,1.65,1.68,NA,3.47,NA,1.8,NA,1.73,NA,NA,NA,NA,NA,NA,NA,NA,NA,NA,NA,2.8,NA,NA,NA,5.01,1.26,NA,NA,NA,NA,1.53,NA,NA,NA,NA,NA,NA,NA,1.73,NA,3.18,NA,NA,2.53,NA,NA,1.94,NA,NA,NA,2.29,NA,NA,NA,NA,NA,NA,NA,NA,2.82,3.17,4.23,4.44,3.03,2.22,1.82,4.51,NA,1.53,1.33,1.62,1.97,2.14,1.89,1.9,1.6,1.8,1.81,1.85,2.28,2.64,2.17,3.58,2.93,2.44,NA,1.69,2.51,2.32,4.42,2.55,2.17,1.59,2.36,1.67,1.75,2.65,1.65,2.02,3.96,1.71,
Dataset/TF/F_(2)/Ask_a_Security_Professional-_WordPress_Database_Security_Part_Two_—_Best_Practices.txt,0,NA,NA,NA,2.3,NA,NA,1.79,NA,NA,NA,1.42,0,NA,1.34,NA,2.98,NA,NA,NA,3.38,NA,NA,NA,1.51,NA,2.31,NA,2.4,NA,NA,NA,NA,NA,1.65,NA,1.54,1.54,1.32,NA,NA,NA,NA,2.8,1,NA,1.6,1.47,NA,1.49,NA,2.42,NA,1.76,NA,NA,NA,NA,NA,NA,NA,NA,NA,NA,NA,2.8,NA,NA,NA,3.32,1.61,NA,NA,NA,NA,1.74,NA,NA,NA,NA,NA,NA,NA,1.5,NA,1.5,NA,NA,2.11,NA,NA,2.21,NA,NA,NA,2.11,NA,NA,NA,NA,NA,NA,NA,NA,4,5.82,2.06,2.58,7.11,2.38,1.54,2.3,NA,1.04,1.26,1,1.14,1.99,1.88,1.83,2.14,2.02,1.24,1.93,1.26,1.69,2.63,2.25,3.4,2.43,NA,1.4,2.22,1.75,2.79,2.4,1.73,2.58,2.66,1.65,1.38,1.46,1.83,1.68,2.75,1.24,
Dataset/TF/F_(2)/Cybersecurity_Industry_Must_Adopt_Cyberdefense_Tech_that_Utilizes_Analytics-_Artificial_Intelligence.txt,0,NA,NA,NA,2.35,NA,NA,1.72,NA,NA,NA,1.24,1.34,NA,0,NA,1.85,NA,NA,NA,4.76,NA,NA,NA,1.69,NA,1.36,NA,1.67,NA,NA,NA,NA,NA,1.28,NA,1.63,1.63,1.29,NA,NA,NA,NA,16.67,2.25,NA,2.19,1.5,NA,3.8,NA,2,NA,1.86,NA,NA,NA,NA,NA,NA,NA,NA,NA,NA,NA,3.01,NA,NA,NA,3.45,1.79,NA,NA,NA,NA,1.59,NA,NA,NA,NA,NA,NA,NA,1.59,NA,1.23,NA,NA,1.98,NA,NA,2.38,NA,NA,NA,2.43,NA,NA,NA,NA,NA,NA,NA,NA,2.62,12.24,4.61,6.77,1.63,4.63,2.48,6,NA,2.03,1.73,2.23,1.12,4.9,6.06,2.29,1.84,1.63,2.49,2.22,1.69,2.28,1.75,3.87,2.97,3.61,NA,4.65,2.3,3.3,2.3,2.88,1.43,4.65,2.12,1.39,1.53,1.9,2.1,3.58,3.62,2.37,
Dataset/TF/F_(2)/GRC-_Going_Beyond_the_Acronym.txt,0,NA,NA,NA,3.67,NA,NA,2.22,NA,NA,NA,3.27,2.98,NA,1.85,NA,0,NA,NA,NA,7.95,NA,NA,NA,2.95,NA,2.77,NA,2.88,NA,NA,NA,NA,NA,2.04,NA,2.98,2.98,1.75,NA,NA,NA,NA,5.65,2.55,NA,2.46,3.56,NA,3.04,NA,2.87,NA,2.58,NA,NA,NA,NA,NA,NA,NA,NA,NA,NA,NA,3.47,NA,NA,NA,4.86,4.22,NA,NA,NA,NA,1.21,NA,NA,NA,NA,NA,NA,NA,5.01,NA,1.16,NA,NA,1.53,NA,NA,1.82,NA,NA,NA,5.14,NA,NA,NA,NA,NA,NA,NA,NA,2.76,5.42,3.15,4.6,9.59,1.89,6.26,5.9,NA,5.15,3.99,2.55,2.66,3.35,3.97,2.73,2.57,1.81,2.44,2.06,2.23,1.97,4.2,9.63,3.49,4.53,NA,4.74,2.9,3.71,23,3.16,5.31,4.68,2.81,5.23,3.82,2.83,4.87,2.77,4.04,1.87,
Dataset/TF/F_(3)/10_Experts_Who_Love_Kaspersky_Internet_Security_2015.txt,0,NA,NA,NA,2.79,NA,NA,9.34,NA,NA,NA,1.56,3.38,NA,4.76,NA,7.95,NA,NA,NA,0,NA,NA,NA,8.83,NA,5.79,NA,3.57,NA,NA,NA,NA,NA,3.64,NA,6.22,6.22,2.18,NA,NA,NA,NA,8,6.3,NA,18.26,2.76,NA,10,NA,1.35,NA,10.37,NA,NA,NA,NA,NA,NA,NA,NA,NA,NA,NA,14.43,NA,NA,NA,1.78,4.13,NA,NA,NA,NA,3.18,NA,NA,NA,NA,NA,NA,NA,11.38,NA,3.53,NA,NA,2.14,NA,NA,9.59,NA,NA,NA,3.92,NA,NA,NA,NA,NA,NA,NA,NA,5.69,3.94,4.19,5,4,8.38,9.58,21.79,NA,4.45,4.97,6.3,3.25,5.33,13.49,3.99,11,2.11,5.49,8.24,2.29,6.93,4.11,15.05,6.01,1.62,NA,7.68,1.35,7.64,2.92,6,5.27,2.23,2.81,2.1,9.22,5.94,12.81,11.46,14.39,2.75,
Dataset/TF/F_(3)/Deep_Dive-_5_Threats_Affecting_Hardware.txt,0,NA,NA,NA,5.15,NA,NA,1.61,NA,NA,NA,2.72,1.51,NA,1.69,NA,2.95,NA,NA,NA,8.83,NA,NA,NA,0,NA,1.1,NA,2.65,NA,NA,NA,NA,NA,1.28,NA,1.14,1.14,1.82,NA,NA,NA,NA,5.03,1.33,NA,0.99,3.14,NA,3.84,NA,4.87,NA,1.13,NA,NA,NA,NA,NA,NA,NA,NA,NA,NA,NA,2.17,NA,NA,NA,3.99,3.54,NA,NA,NA,NA,2.38,NA,NA,NA,NA,NA,NA,NA,2.01,NA,3.09,NA,NA,2.51,NA,NA,1.77,NA,NA,NA,3.87,NA,NA,NA,NA,NA,NA,NA,NA,1.72,2.2,4.05,4.29,3.88,1.4,2.69,1.84,NA,2.38,1.67,1.33,1.68,2.15,2.01,2.69,1.55,1.65,1.91,1.07,1.73,1.49,1.82,2.31,2.27,2.05,NA,3.18,2.24,1.83,8.08,3.05,2,2.03,3.56,1.83,1.73,0.99,1.71,0.92,3.04,2.13,
Dataset/TF/F_(3)/Fact_or_Fiction_can_a_virus_actually_damage_PC_hardware.txt,0,NA,NA,NA,4.28,NA,NA,2.18,NA,NA,NA,2.06,2.31,NA,1.36,NA,2.77,NA,NA,NA,5.79,NA,NA,NA,1.1,NA,0,NA,2.28,NA,NA,NA,NA,NA,1.68,NA,2.23,2.23,1.38,NA,NA,NA,NA,8.05,1.69,NA,2.22,2.7,NA,3.87,NA,2.67,NA,2.03,NA,NA,NA,NA,NA,NA,NA,NA,NA,NA,NA,3.78,NA,NA,NA,8,2.26,NA,NA,NA,NA,2.63,NA,NA,NA,NA,NA,NA,NA,2.46,NA,4.22,NA,NA,2.1,NA,NA,2.44,NA,NA,NA,1.73,NA,NA,NA,NA,NA,NA,NA,NA,5.36,2.75,3.06,3.65,6.88,3.33,2.91,1.88,NA,4.99,1.52,1.69,2.34,2.23,2.29,2.1,0.88,2.75,2.49,2.04,4.93,3.42,1.92,2.54,2.72,1.36,NA,2.19,3.68,1.84,6.39,4.19,1.95,2.62,2.57,1.4,3.41,2.41,2.09,2.8,1.38,2.28,
Dataset/TF/F_(3)/How_Kaspersky_Internet_Security_protects_from_ransomware.txt,0,NA,NA,NA,1.46,NA,NA,1.88,NA,NA,NA,2.17,2.4,NA,1.67,NA,2.88,NA,NA,NA,3.57,NA,NA,NA,2.65,NA,2.28,NA,0,NA,NA,NA,NA,NA,2.32,NA,3.07,3.07,1.15,NA,NA,NA,NA,1.89,1.4,NA,2.46,2.17,NA,3.62,NA,1.4,NA,5.55,NA,NA,NA,NA,NA,NA,NA,NA,NA,NA,NA,2.98,NA,NA,NA,10,3.44,NA,NA,NA,NA,1.17,NA,NA,NA,NA,NA,NA,NA,2.76,NA,1.85,NA,NA,2.23,NA,NA,1.88,NA,NA,NA,1.74,NA,NA,NA,NA,NA,NA,NA,NA,0.74,2.56,1.93,3.21,1.02,2.46,1.65,2.1,NA,2.42,0.78,1.4,0.7,1.32,1.81,1.89,1.23,2.91,4.22,2.57,3.55,4.44,1.61,1.81,2.25,2.56,NA,2.72,1.89,5.09,3.22,3.93,5.56,6,1.34,2.58,3.45,3.61,2.25,3.88,3.78,1.62,
Dataset/TF/F_(3)/Keeping_blockchain_on_track_while_the_hype_fades.txt,0,NA,NA,NA,3.13,NA,NA,2.86,NA,NA,NA,2.65,1.65,NA,1.28,NA,2.04,NA,NA,NA,3.64,NA,NA,NA,1.28,NA,1.68,NA,2.32,NA,NA,NA,NA,NA,0,NA,1.06,1.06,1.1,NA,NA,NA,NA,31.11,1.59,NA,1.27,3.26,NA,2.04,NA,2.11,NA,1.53,NA,NA,NA,NA,NA,NA,NA,NA,NA,NA,NA,6.26,NA,NA,NA,4.44,1.54,NA,NA,NA,NA,1.74,NA,NA,NA,NA,NA,NA,NA,2.15,NA,3.29,NA,NA,1.08,NA,NA,5.56,NA,NA,NA,3.38,NA,NA,NA,NA,NA,NA,NA,NA,2.85,3.42,2.83,4.06,4,4.75,1.16,2.68,NA,2.36,2.04,1.59,0.96,1.83,3.48,1.83,1.57,1.55,1.24,1.21,1.6,1.68,2.51,2.59,2.07,2.7,NA,2.64,1.79,1.59,2.51,4.1,2.23,2.02,3.08,1.53,2.35,1.98,1.65,3.21,3.02,1.65,
Dataset/TF/F_(3)/My_Precious_Data-_Digital_clutter_and_its_dangers.txt,0,NA,NA,NA,2.67,NA,NA,0.96,NA,NA,NA,1.01,1.54,NA,1.63,NA,2.98,NA,NA,NA,6.22,NA,NA,NA,1.14,NA,2.23,NA,3.07,NA,NA,NA,NA,NA,1.06,NA,0,0,1.18,NA,NA,NA,NA,6.19,1.12,NA,0.94,2.62,NA,2.29,NA,2.55,NA,0.81,NA,NA,NA,NA,NA,NA,NA,NA,NA,NA,NA,2.56,NA,NA,NA,3.44,1.41,NA,NA,NA,NA,2.26,NA,NA,NA,NA,NA,NA,NA,1.65,NA,3.36,NA,NA,2.32,NA,NA,1.98,NA,NA,NA,3.81,NA,NA,NA,NA,NA,NA,NA,NA,3.03,4.44,2.41,3.7,2.49,2.16,2.07,2.08,NA,1.52,2.36,1.12,1.72,3.1,1.42,1.72,1.38,1.99,0.98,0.91,1.31,1.32,1.53,1.86,2.9,1.61,NA,2.03,1.82,1.61,3.15,3.25,2.31,1.94,2.46,1.83,1.59,1.11,1.24,1.26,2.07,2.05,
Dataset/TF/F_(3)/My_Precious_Data__Digital_clutter_and_its_dangers.txt,0,NA,NA,NA,2.67,NA,NA,0.96,NA,NA,NA,1.01,1.54,NA,1.63,NA,2.98,NA,NA,NA,6.22,NA,NA,NA,1.14,NA,2.23,NA,3.07,NA,NA,NA,NA,NA,1.06,NA,0,0,1.18,NA,NA,NA,NA,6.19,1.12,NA,0.94,2.62,NA,2.29,NA,2.55,NA,0.81,NA,NA,NA,NA,NA,NA,NA,NA,NA,NA,NA,2.56,NA,NA,NA,3.44,1.41,NA,NA,NA,NA,2.26,NA,NA,NA,NA,NA,NA,NA,1.65,NA,3.36,NA,NA,2.32,NA,NA,1.98,NA,NA,NA,3.81,NA,NA,NA,NA,NA,NA,NA,NA,3.03,4.44,2.41,3.7,2.49,2.16,2.07,2.08,NA,1.52,2.36,1.12,1.72,3.1,1.42,1.72,1.38,1.99,0.98,0.91,1.31,1.32,1.53,1.86,2.9,1.61,NA,2.03,1.82,1.61,3.15,3.25,2.31,1.94,2.46,1.83,1.59,1.11,1.24,1.26,2.07,2.05,
Dataset/TF/F_(3)/No_More_Ransom_saves_the_day.txt,0,NA,NA,NA,1.76,NA,NA,1.46,NA,NA,NA,1.85,1.32,NA,1.29,NA,1.75,NA,NA,NA,2.18,NA,NA,NA,1.82,NA,1.38,NA,1.15,NA,NA,NA,NA,NA,1.1,NA,1.18,1.18,0,NA,NA,NA,NA,3.96,2.12,NA,2.35,2.61,NA,2.6,NA,1.73,NA,1.83,NA,NA,NA,NA,NA,NA,NA,NA,NA,NA,NA,2.28,NA,NA,NA,3,1.84,NA,NA,NA,NA,1.58,NA,NA,NA,NA,NA,NA,NA,1.68,NA,1.72,NA,NA,3.19,NA,NA,1.59,NA,NA,NA,1.41,NA,NA,NA,NA,NA,NA,NA,NA,2.19,2.62,1.91,2.39,11.21,2.63,3.26,2.12,NA,1.5,1.52,2.12,1.58,2.31,2.38,0.98,1.12,2.17,1.84,1.74,2.01,1.61,1.61,3.88,4.17,1.92,NA,2.67,2.27,2.09,3.57,3.17,1.66,2.37,2.04,1.4,1.76,2.05,1.9,1.74,2.3,1.38,
Dataset/TF/F_(3)/Watching_the_World_Cup_or_Downloading_Nasty_Adware_.txt,0,NA,NA,NA,9.62,NA,NA,2.94,NA,NA,NA,5.74,2.8,NA,16.67,NA,5.65,NA,NA,NA,8,NA,NA,NA,5.03,NA,8.05,NA,1.89,NA,NA,NA,NA,NA,31.11,NA,6.19,6.19,3.96,NA,NA,NA,NA,0,5.13,NA,4.36,8.15,NA,8.69,NA,21,NA,5.21,NA,NA,NA,NA,NA,NA,NA,NA,NA,NA,NA,5.53,NA,NA,NA,28,4.08,NA,NA,NA,NA,4.2,NA,NA,NA,NA,NA,NA,NA,8.17,NA,2.91,NA,NA,9.24,NA,NA,3.25,NA,NA,NA,5.62,NA,NA,NA,NA,NA,NA,NA,NA,2.14,1.35,3.8,2.72,2.38,4.36,4.21,1.11,NA,3.2,1.82,5.14,3.14,4.76,2.21,3.18,5.21,5.75,5.12,6.95,2.56,3.43,37,5.01,6.97,6.55,NA,2.78,3.8,14.39,2.75,3.29,5.4,7.25,2.41,4.46,3.32,4.8,5.69,2.72,2.22,1.94,
Dataset/TF/F_(3)/What_are_exploits_and_why_they_are_so_scary_.txt,0,NA,NA,NA,1.96,NA,NA,2.08,NA,NA,NA,1.62,1,NA,2.25,NA,2.55,NA,NA,NA,6.3,NA,NA,NA,1.33,NA,1.69,NA,1.4,NA,NA,NA,NA,NA,1.59,NA,1.12,1.12,2.12,NA,NA,NA,NA,5.13,0,NA,1.09,1.6,NA,2.98,NA,4.17,NA,1.28,NA,NA,NA,NA,NA,NA,NA,NA,NA,NA,NA,2.02,NA,NA,NA,3.05,2.03,NA,NA,NA,NA,2.59,NA,NA,NA,NA,NA,NA,NA,0.96,NA,3.14,NA,NA,5.14,NA,NA,1.72,NA,NA,NA,2.35,NA,NA,NA,NA,NA,NA,NA,NA,1.34,2.2,1.3,2.1,1.57,1.39,1.44,1.17,NA,0.86,1.22,0,1.14,1.28,0.96,2.33,1.24,1.63,1.03,1.38,2.69,1.87,1.29,1.26,1.71,1.4,NA,1.24,1.69,1.18,2.82,1.83,1.2,1.45,1.75,2.35,1.29,0.97,1.41,1.01,1.87,1.22,
Dataset/TF/F_(4)/Deceive_in_order_to_detect.txt,0,NA,NA,NA,6.63,NA,NA,2.13,NA,NA,NA,1.65,1.6,NA,2.19,NA,2.46,NA,NA,NA,18.26,NA,NA,NA,0.99,NA,2.22,NA,2.46,NA,NA,NA,NA,NA,1.27,NA,0.94,0.94,2.35,NA,NA,NA,NA,4.36,1.09,NA,0,2.74,NA,1.98,NA,3.53,NA,0.72,NA,NA,NA,NA,NA,NA,NA,NA,NA,NA,NA,2.47,NA,NA,NA,2.58,2.12,NA,NA,NA,NA,1.58,NA,NA,NA,NA,NA,NA,NA,1.96,NA,1.73,NA,NA,2,NA,NA,2.06,NA,NA,NA,2.36,NA,NA,NA,NA,NA,NA,NA,NA,2.49,2.03,2.09,2.65,2.53,1.81,1.58,1.49,NA,2,1.81,1.08,1.88,1.72,1.13,2.14,1.52,1.55,1.12,1,1.8,1.82,1.48,1.35,3.38,1.12,NA,1.28,2.09,1.07,4.18,4.47,1.13,1.55,1.81,1.2,1.21,0.94,1.05,0.95,2.85,1.28,
Dataset/TF/F_(4)/Dissecting_Malware.txt,0,NA,NA,NA,2.97,NA,NA,2.92,NA,NA,NA,1.68,1.47,NA,1.5,NA,3.56,NA,NA,NA,2.76,NA,NA,NA,3.14,NA,2.7,NA,2.17,NA,NA,NA,NA,NA,3.26,NA,2.62,2.62,2.61,NA,NA,NA,NA,8.15,1.6,NA,2.74,0,NA,1.74,NA,3.09,NA,3.71,NA,NA,NA,NA,NA,NA,NA,NA,NA,NA,NA,6.2,NA,NA,NA,12,2.25,NA,NA,NA,NA,3.71,NA,NA,NA,NA,NA,NA,NA,3.12,NA,2.62,NA,NA,2.28,NA,NA,2.53,NA,NA,NA,5.02,NA,NA,NA,NA,NA,NA,NA,NA,1.86,2.78,5.59,5.89,2.84,3.19,2.18,2.35,NA,1.86,2.47,1.6,1.7,3.58,1.56,2.21,3.73,2.52,1.96,2.5,4.28,2.83,3.17,3.57,1.65,3.73,NA,2.05,3.12,2.51,1.74,2.7,1.14,3.32,2.84,3.03,3.44,1.48,3.13,3.15,3.48,1.9,
Dataset/TF/F_(4)/How_to_succeed_in_online_investigations_and_digital_forensics.txt,0,NA,NA,NA,3.05,NA,NA,4.95,NA,NA,NA,3.47,1.49,NA,3.8,NA,3.04,NA,NA,NA,10,NA,NA,NA,3.84,NA,3.87,NA,3.62,NA,NA,NA,NA,NA,2.04,NA,2.29,2.29,2.6,NA,NA,NA,NA,8.69,2.98,NA,1.98,1.74,NA,0,NA,1.22,NA,3.07,NA,NA,NA,NA,NA,NA,NA,NA,NA,NA,NA,6,NA,NA,NA,3.57,3.97,NA,NA,NA,NA,2.82,NA,NA,NA,NA,NA,NA,NA,2.09,NA,3.41,NA,NA,1.49,NA,NA,1.23,NA,NA,NA,2.89,NA,NA,NA,NA,NA,NA,NA,NA,2.45,8,3.39,5.04,3.73,3.38,4.19,3.15,NA,3.57,2.78,2.98,2.93,1.84,2.29,5.45,2.04,2.46,2.49,2.19,2.42,2.7,4.73,2.73,1.73,2.38,NA,2.9,1.66,1.7,3.17,4.09,7.13,3.46,6.22,2.58,4.94,3.75,3.17,3.14,2.9,2.8,
Dataset/TF/F_(4)/Rocket_AI_and_the_next_generation_of_AV_software.txt,0,NA,NA,NA,2.86,NA,NA,4.29,NA,NA,NA,1.8,2.42,NA,2,NA,2.87,NA,NA,NA,1.35,NA,NA,NA,4.87,NA,2.67,NA,1.4,NA,NA,NA,NA,NA,2.11,NA,2.55,2.55,1.73,NA,NA,NA,NA,21,4.17,NA,3.53,3.09,NA,1.22,NA,0,NA,4.14,NA,NA,NA,NA,NA,NA,NA,NA,NA,NA,NA,5.1,NA,NA,NA,4,1.69,NA,NA,NA,NA,1.48,NA,NA,NA,NA,NA,NA,NA,3.72,NA,2.74,NA,NA,0.82,NA,NA,1.85,NA,NA,NA,1.26,NA,NA,NA,NA,NA,NA,NA,NA,2.27,4.74,7.36,5,7.56,4.22,3.27,7.52,NA,3.99,3.2,4.17,2.02,7.45,3.37,2.5,4,2.17,4.29,3.19,5.38,5.7,4.12,1.97,2.55,5.9,NA,3.2,0.71,8.83,1.52,3.67,2.94,6.85,2.15,2.96,3.04,7.36,2.47,3.08,4,1.35,
Dataset/TF/F_(4)/The_Mistakes_of_Smart_Medicine.txt,0,NA,NA,NA,4.11,NA,NA,1.67,NA,NA,NA,1.73,1.76,NA,1.86,NA,2.58,NA,NA,NA,10.37,NA,NA,NA,1.13,NA,2.03,NA,5.55,NA,NA,NA,NA,NA,1.53,NA,0.81,0.81,1.83,NA,NA,NA,NA,5.21,1.28,NA,0.72,3.71,NA,3.07,NA,4.14,NA,0,NA,NA,NA,NA,NA,NA,NA,NA,NA,NA,NA,2.6,NA,NA,NA,2.6,1.76,NA,NA,NA,NA,2.53,NA,NA,NA,NA,NA,NA,NA,2.35,NA,3.48,NA,NA,4.12,NA,NA,2.54,NA,NA,NA,2.71,NA,NA,NA,NA,NA,NA,NA,NA,6.04,4.75,3.7,3.62,6.34,2.35,2.9,2.67,NA,1.78,2.61,1.28,2.02,2.16,1.34,1.92,1.12,1.81,1.28,1.05,1.59,0.97,1.7,2.54,3.39,1.5,NA,2.1,3.67,1.6,4,2.32,1.5,2.05,3.16,1.5,1.75,0.91,1.46,1.33,2.59,2.06,
Dataset/TF/F_(5)/WikiLeaks_Dump_Shows_CIA_Interdiction_of_iPhone_Supply_Chain.txt,0,NA,NA,NA,1.64,NA,NA,2.47,NA,NA,NA,2.8,2.8,NA,3.01,NA,3.47,NA,NA,NA,14.43,NA,NA,NA,2.17,NA,3.78,NA,2.98,NA,NA,NA,NA,NA,6.26,NA,2.56,2.56,2.28,NA,NA,NA,NA,5.53,2.02,NA,2.47,6.2,NA,6,NA,5.1,NA,2.6,NA,NA,NA,NA,NA,NA,NA,NA,NA,NA,NA,0,NA,NA,NA,3.99,2.1,NA,NA,NA,NA,1.79,NA,NA,NA,NA,NA,NA,NA,3.76,NA,2.29,NA,NA,3.25,NA,NA,4.73,NA,NA,NA,1.69,NA,NA,NA,NA,NA,NA,NA,NA,1.77,1.91,1.96,1.44,1,2.3,1.74,1.21,NA,1.66,0.98,2.02,2.89,4.49,0.98,1.35,2.91,1.2,2.91,1.77,2.92,1.83,1.39,1.42,1.39,0.89,NA,2.79,0.93,1.48,1.79,1.51,2.03,1.56,2.13,3.22,2.55,2,2.52,1.59,1.23,4.17,
Dataset/TF/F_(6)/Another_Challenge_For_IoT_Open_Backdoors.txt,0,NA,NA,NA,3.04,NA,NA,9.77,NA,NA,NA,5.01,3.32,NA,3.45,NA,4.86,NA,NA,NA,1.78,NA,NA,NA,3.99,NA,8,NA,10,NA,NA,NA,NA,NA,4.44,NA,3.44,3.44,3,NA,NA,NA,NA,28,3.05,NA,2.58,12,NA,3.57,NA,4,NA,2.6,NA,NA,NA,NA,NA,NA,NA,NA,NA,NA,NA,3.99,NA,NA,NA,0,6.23,NA,NA,NA,NA,4.73,NA,NA,NA,NA,NA,NA,NA,2.37,NA,2.97,NA,NA,8.05,NA,NA,34,NA,NA,NA,2.98,NA,NA,NA,NA,NA,NA,NA,NA,NA,15,3.23,7.12,8.25,4.01,2.17,8.09,NA,2.64,5,3.03,3.03,10.19,3.52,5.51,2.68,2.89,8.55,4.79,4.15,6.32,9.13,14.75,9.55,3.41,NA,8.65,6.47,3.84,1.86,NA,3.24,8.14,1.55,2.53,2.76,4.17,4.82,3.38,5.29,7.3,
Dataset/TF/F_(6)/CTO_Insights_The_General_Data_Protection_Regulation_(GDPR)_Is_Coming-_What_Now.txt,0,NA,NA,NA,2.96,NA,NA,2,NA,NA,NA,1.26,1.61,NA,1.79,NA,4.22,NA,NA,NA,4.13,NA,NA,NA,3.54,NA,2.26,NA,3.44,NA,NA,NA,NA,NA,1.54,NA,1.41,1.41,1.84,NA,NA,NA,NA,4.08,2.03,NA,2.12,2.25,NA,3.97,NA,1.69,NA,1.76,NA,NA,NA,NA,NA,NA,NA,NA,NA,NA,NA,2.1,NA,NA,NA,6.23,0,NA,NA,NA,NA,1.8,NA,NA,NA,NA,NA,NA,NA,2.04,NA,1.38,NA,NA,1.16,NA,NA,2.04,NA,NA,NA,2.97,NA,NA,NA,NA,NA,NA,NA,NA,6.89,3.66,1.92,4,1.42,2.44,3.02,2.11,NA,1.58,1.3,2.02,2.66,2.7,1.33,1.93,2.03,0.9,1.91,2.75,1.48,2.33,2.71,4.3,6.61,1.93,NA,2.33,1.83,2.21,4.13,2.44,2.17,4.45,0.91,1.45,2.12,1.92,2.04,3.43,1.48,2.01,
Dataset/TF/F_(6)/Five_Cybersecurity_Resolutions_Every_CISO_Should_Have_On_Their_List.txt,0,NA,NA,NA,2.3,NA,NA,2.7,NA,NA,NA,1.53,1.74,NA,1.59,NA,1.21,NA,NA,NA,3.18,NA,NA,NA,2.38,NA,2.63,NA,1.17,NA,NA,NA,NA,NA,1.74,NA,2.26,2.26,1.58,NA,NA,NA,NA,4.2,2.59,NA,1.58,3.71,NA,2.82,NA,1.48,NA,2.53,NA,NA,NA,NA,NA,NA,NA,NA,NA,NA,NA,1.79,NA,NA,NA,4.73,1.8,NA,NA,NA,NA,0,NA,NA,NA,NA,NA,NA,NA,2.2,NA,3.45,NA,NA,1.03,NA,NA,1.98,NA,NA,NA,1.31,NA,NA,NA,NA,NA,NA,NA,NA,2.84,3.5,2.77,4,3.09,2.62,2.85,2.27,NA,1.82,1.6,2.6,1.57,2.89,1.72,1.41,2.36,1.79,1.58,1.86,3.62,1.63,4.14,2.07,4.38,2.16,NA,2.17,1.23,3,4.15,2.41,2.04,2.03,1.37,1.49,1.74,1.58,1.82,1.65,4.36,1.09,
Dataset/TF/F_(6)/Mediaserver_Vulnerabilities_Highlight_Android’s_March_Security_Bulletin.txt,0,NA,NA,NA,6.5,NA,NA,1.9,NA,NA,NA,1.73,1.5,NA,1.59,NA,5.01,NA,NA,NA,11.38,NA,NA,NA,2.01,NA,2.46,NA,2.76,NA,NA,NA,NA,NA,2.15,NA,1.65,1.65,1.68,NA,NA,NA,NA,8.17,0.96,NA,1.96,3.12,NA,2.09,NA,3.72,NA,2.35,NA,NA,NA,NA,NA,NA,NA,NA,NA,NA,NA,3.76,NA,NA,NA,2.37,2.04,NA,NA,NA,NA,2.2,NA,NA,NA,NA,NA,NA,NA,0,NA,3.51,NA,NA,5.21,NA,NA,1.28,NA,NA,NA,1.14,NA,NA,NA,NA,NA,NA,NA,NA,3.16,3.28,2.47,2.04,2.63,3.29,2.4,4.16,NA,1.32,2.47,0.95,1.81,1.46,2.24,3.07,2.05,1.78,2.24,2.58,2.63,4.71,2.02,2.76,2.83,1.56,NA,3,1.83,2.27,1.49,1.71,1.54,2.54,2.83,1.67,1.44,2.14,2.01,1.5,4.31,2.11,
Dataset/TF/F_(6)/Moving_To_Serverless_Cloud_Apps.txt,0,NA,NA,NA,4.73,NA,NA,3.79,NA,NA,NA,3.18,1.5,NA,1.23,NA,1.16,NA,NA,NA,3.53,NA,NA,NA,3.09,NA,4.22,NA,1.85,NA,NA,NA,NA,NA,3.29,NA,3.36,3.36,1.72,NA,NA,NA,NA,2.91,3.14,NA,1.73,2.62,NA,3.41,NA,2.74,NA,3.48,NA,NA,NA,NA,NA,NA,NA,NA,NA,NA,NA,2.29,NA,NA,NA,2.97,1.38,NA,NA,NA,NA,3.45,NA,NA,NA,NA,NA,NA,NA,3.51,NA,0,NA,NA,2.22,NA,NA,1.56,NA,NA,NA,6.59,NA,NA,NA,NA,NA,NA,NA,NA,4.36,3.7,2.67,4.73,6.91,3.12,4.19,2.87,NA,4.01,3.07,3.14,2.71,2.35,2.93,2.24,2.95,2.39,2.8,4.28,2.31,2.74,2.1,3.03,9.01,3.12,NA,2.97,3.52,2.37,4.73,10.6,3.44,4.5,1.85,4.04,1.21,2.71,3.09,3.88,2,2.62,
Dataset/TF/F_(6)/Server_security-_that_stands_the_test_of_time.txt,0,NA,NA,NA,2.54,NA,NA,2.76,NA,NA,NA,2.53,2.11,NA,1.98,NA,1.53,NA,NA,NA,2.14,NA,NA,NA,2.51,NA,2.1,NA,2.23,NA,NA,NA,NA,NA,1.08,NA,2.32,2.32,3.19,NA,NA,NA,NA,9.24,5.14,NA,2,2.28,NA,1.49,NA,0.82,NA,4.12,NA,NA,NA,NA,NA,NA,NA,NA,NA,NA,NA,3.25,NA,NA,NA,8.05,1.16,NA,NA,NA,NA,1.03,NA,NA,NA,NA,NA,NA,NA,5.21,NA,2.22,NA,NA,0,NA,NA,2.12,NA,NA,NA,2.7,NA,NA,NA,NA,NA,NA,NA,NA,1.73,2.79,4.21,8.4,2.42,3.06,1.9,2.34,NA,1.35,1.96,5.14,1.8,4.26,2.25,1.02,4.6,1.51,1.99,2.01,2.79,1.52,2.72,2.3,2.78,1.14,NA,10.5,1.3,1.73,3.47,1.54,3.28,1.46,2.41,1.75,2.83,3.08,1.49,3.66,4.37,1.78,
Dataset/TF/F_(6)/Stolen_Memories-_Why_cyber_thieves_attack_personal_over_financial_data.txt,0,NA,NA,NA,4.02,NA,NA,1.56,NA,NA,NA,1.94,2.21,NA,2.38,NA,1.82,NA,NA,NA,9.59,NA,NA,NA,1.77,NA,2.44,NA,1.88,NA,NA,NA,NA,NA,5.56,NA,1.98,1.98,1.59,NA,NA,NA,NA,3.25,1.72,NA,2.06,2.53,NA,1.23,NA,1.85,NA,2.54,NA,NA,NA,NA,NA,NA,NA,NA,NA,NA,NA,4.73,NA,NA,NA,34,2.04,NA,NA,NA,NA,1.98,NA,NA,NA,NA,NA,NA,NA,1.28,NA,1.56,NA,NA,2.12,NA,NA,0,NA,NA,NA,2.51,NA,NA,NA,NA,NA,NA,NA,NA,2.52,2.79,2.82,4.6,2.66,1.79,4.91,2.15,NA,1.95,1.48,1.72,1.73,2.87,2.43,3.82,1.83,2.82,4.96,2.09,4.26,2.45,2.8,2.12,3.14,2.07,NA,2.6,3.49,3.48,13.17,2.88,1.87,2.94,4.56,2.19,1.73,2.99,1.8,1.65,2.86,1.77,
Dataset/TF/F_(6)/Threat_Actors_will_come_up_with_new_Targeted_Attack_Tactics_that_Circumvent_Current_Anti-evasion_Solutions.txt,0,NA,NA,NA,2.53,NA,NA,2.4,NA,NA,NA,2.29,2.11,NA,2.43,NA,5.14,NA,NA,NA,3.92,NA,NA,NA,3.87,NA,1.73,NA,1.74,NA,NA,NA,NA,NA,3.38,NA,3.81,3.81,1.41,NA,NA,NA,NA,5.62,2.35,NA,2.36,5.02,NA,2.89,NA,1.26,NA,2.71,NA,NA,NA,NA,NA,NA,NA,NA,NA,NA,NA,1.69,NA,NA,NA,2.98,2.97,NA,NA,NA,NA,1.31,NA,NA,NA,NA,NA,NA,NA,1.14,NA,6.59,NA,NA,2.7,NA,NA,2.51,NA,NA,NA,0,NA,NA,NA,NA,NA,NA,NA,NA,1.82,2.35,2.62,6.81,1.76,1.97,1.56,1.8,NA,1.46,1.66,2.35,2.85,5.3,2.96,2.5,3.69,1.75,2.53,1.99,2.32,3.57,0.93,3.48,2.17,2.51,NA,1.96,1.34,1.73,1.33,1.54,1.92,1.67,1.37,1.73,2.04,2.54,2.7,2.18,1.54,1.52,
Dataset/TF/T/Malware_campaign_targets_open_source_developers_on_GitHub.txt,1,NA,NA,NA,1.62,NA,NA,2.44,NA,NA,NA,2.82,4,NA,2.62,NA,2.76,NA,NA,NA,5.69,NA,NA,NA,1.72,NA,5.36,NA,0.74,NA,NA,NA,NA,NA,2.85,NA,3.03,3.03,2.19,NA,NA,NA,NA,2.14,1.34,NA,2.49,1.86,NA,2.45,NA,2.27,NA,6.04,NA,NA,NA,NA,NA,NA,NA,NA,NA,NA,NA,1.77,NA,NA,NA,NA,6.89,NA,NA,NA,NA,2.84,NA,NA,NA,NA,NA,NA,NA,3.16,NA,4.36,NA,NA,1.73,NA,NA,2.52,NA,NA,NA,1.82,NA,NA,NA,NA,NA,NA,NA,NA,0,1.85,2.13,1.73,1.05,2.41,2.02,1.12,NA,1.87,1.46,1.34,2.86,2.87,1.5,3.61,4.48,3.17,3.66,3.65,3.8,4.39,1.86,1.42,1.55,1.49,NA,1.09,2.13,2.99,4.94,2.57,1.28,2.42,2.13,2.18,4.75,3.09,2.71,1.58,2.07,2.03,
Dataset/TF/T/Phishers_target_World_of_Warcraft_users_with_fake_in-game_pet_offer.txt,1,NA,NA,NA,3.88,NA,NA,3.35,NA,NA,NA,3.17,5.82,NA,12.24,NA,5.42,NA,NA,NA,3.94,NA,NA,NA,2.2,NA,2.75,NA,2.56,NA,NA,NA,NA,NA,3.42,NA,4.44,4.44,2.62,NA,NA,NA,NA,1.35,2.2,NA,2.03,2.78,NA,8,NA,4.74,NA,4.75,NA,NA,NA,NA,NA,NA,NA,NA,NA,NA,NA,1.91,NA,NA,NA,15,3.66,NA,NA,NA,NA,3.5,NA,NA,NA,NA,NA,NA,NA,3.28,NA,3.7,NA,NA,2.79,NA,NA,2.79,NA,NA,NA,2.35,NA,NA,NA,NA,NA,NA,NA,NA,1.85,0,2.7,3.49,3.26,2.19,3.3,2.22,NA,2.96,2,2.2,2.8,1.67,3.53,3.97,4.16,4,3.89,4.31,6.12,6.69,2.54,4.33,2.41,4.15,NA,4.31,5.38,4.43,3.58,2.64,1.02,6.05,1.95,1.76,2.25,3.71,2.84,3.09,1.4,1.77,
Dataset/TF/T/Scareware_scammers_lock_iOS_Safari_to_extort_ransom_from_users.txt,1,NA,NA,NA,2.93,NA,NA,1.58,NA,NA,NA,4.23,2.06,NA,4.61,NA,3.15,NA,NA,NA,4.19,NA,NA,NA,4.05,NA,3.06,NA,1.93,NA,NA,NA,NA,NA,2.83,NA,2.41,2.41,1.91,NA,NA,NA,NA,3.8,1.3,NA,2.09,5.59,NA,3.39,NA,7.36,NA,3.7,NA,NA,NA,NA,NA,NA,NA,NA,NA,NA,NA,1.96,NA,NA,NA,3.23,1.92,NA,NA,NA,NA,2.77,NA,NA,NA,NA,NA,NA,NA,2.47,NA,2.67,NA,NA,4.21,NA,NA,2.82,NA,NA,NA,2.62,NA,NA,NA,NA,NA,NA,NA,NA,2.13,2.7,0,2.22,1.64,2.32,1.15,1.5,NA,2.56,2.26,1.3,1.34,1.94,1.71,1.32,3.91,4.14,1.47,2.94,4,3.62,3.08,1.31,2.11,1.49,NA,2.19,1.9,1.9,2.94,1.16,3.11,2.26,2.32,1.81,2.21,3,2.19,1.96,1.88,2.09,
Dataset/TF/T/Smart_sex_toy's_security_flaws_fulfil_every_hacker's_fantasy,1,NA,NA,NA,1.4,NA,NA,2.28,NA,NA,NA,4.44,2.58,NA,6.77,NA,4.6,NA,NA,NA,5,NA,NA,NA,4.29,NA,3.65,NA,3.21,NA,NA,NA,NA,NA,4.06,NA,3.7,3.7,2.39,NA,NA,NA,NA,2.72,2.1,NA,2.65,5.89,NA,5.04,NA,5,NA,3.62,NA,NA,NA,NA,NA,NA,NA,NA,NA,NA,NA,1.44,NA,NA,NA,7.12,4,NA,NA,NA,NA,4,NA,NA,NA,NA,NA,NA,NA,2.04,NA,4.73,NA,NA,8.4,NA,NA,4.6,NA,NA,NA,6.81,NA,NA,NA,NA,NA,NA,NA,NA,1.73,3.49,2.22,0,1.14,2.7,2.62,3.91,NA,2.78,2.98,2.1,7.52,4.47,2.19,6.06,3.88,16.5,2.99,3.7,7.09,3.27,3.15,1.8,5.16,1.71,NA,3.1,2.94,2.7,2.67,3.34,3.31,3.38,1.94,2.15,6.03,3.37,2.52,4.12,1.57,8.21,
Dataset/TF/T/Triada_Android_spyware_evades_anti-virus_detection_by_using_DroidPlugin_sandbox.txt,1,NA,NA,NA,5.54,NA,NA,2.21,NA,NA,NA,3.03,7.11,NA,1.63,NA,9.59,NA,NA,NA,4,NA,NA,NA,3.88,NA,6.88,NA,1.02,NA,NA,NA,NA,NA,4,NA,2.49,2.49,11.21,NA,NA,NA,NA,2.38,1.57,NA,2.53,2.84,NA,3.73,NA,7.56,NA,6.34,NA,NA,NA,NA,NA,NA,NA,NA,NA,NA,NA,1,NA,NA,NA,8.25,1.42,NA,NA,NA,NA,3.09,NA,NA,NA,NA,NA,NA,NA,2.63,NA,6.91,NA,NA,2.42,NA,NA,2.66,NA,NA,NA,1.76,NA,NA,NA,NA,NA,NA,NA,NA,1.05,3.26,1.64,1.14,0,1.58,1.14,1.17,NA,0.92,1.79,1.57,0.91,2.74,1.1,1.7,1.36,2.23,3.72,2.48,2.33,4.59,1.87,1.12,0.95,1.13,NA,1.82,1.42,2.89,2.22,1.66,1.88,2.5,1.66,1.22,2.31,2.31,1.44,1.58,1.75,1.81,
Dataset/TF/T_(2)/Malvertising_and_Exploit_Kits_Still_a_Significant_Threat-_FireEye.txt,1,NA,NA,NA,2.33,NA,NA,1.13,NA,NA,NA,2.22,2.38,NA,4.63,NA,1.89,NA,NA,NA,8.38,NA,NA,NA,1.4,NA,3.33,NA,2.46,NA,NA,NA,NA,NA,4.75,NA,2.16,2.16,2.63,NA,NA,NA,NA,4.36,1.39,NA,1.81,3.19,NA,3.38,NA,4.22,NA,2.35,NA,NA,NA,NA,NA,NA,NA,NA,NA,NA,NA,2.3,NA,NA,NA,4.01,2.44,NA,NA,NA,NA,2.62,NA,NA,NA,NA,NA,NA,NA,3.29,NA,3.12,NA,NA,3.06,NA,NA,1.79,NA,NA,NA,1.97,NA,NA,NA,NA,NA,NA,NA,NA,2.41,2.19,2.32,2.7,1.58,0,0.93,1.87,NA,1.24,2.44,1.38,1.64,4.12,1.55,1.65,1.16,1.34,1.74,3.11,1.55,2.37,2.69,1.93,2.31,2.85,NA,1.45,2.78,3.48,4.81,3.33,1.37,1.27,1.56,2.15,0.98,1.28,1.65,1.2,2.65,1.68,
Dataset/TF/T_(2)/Neutrino_Bot_Gets_Protective_Loader.txt,1,NA,NA,NA,13.98,NA,NA,3.53,NA,NA,NA,1.82,1.54,NA,2.48,NA,6.26,NA,NA,NA,9.58,NA,NA,NA,2.69,NA,2.91,NA,1.65,NA,NA,NA,NA,NA,1.16,NA,2.07,2.07,3.26,NA,NA,NA,NA,4.21,1.44,NA,1.58,2.18,NA,4.19,NA,3.27,NA,2.9,NA,NA,NA,NA,NA,NA,NA,NA,NA,NA,NA,1.74,NA,NA,NA,2.17,3.02,NA,NA,NA,NA,2.85,NA,NA,NA,NA,NA,NA,NA,2.4,NA,4.19,NA,NA,1.9,NA,NA,4.91,NA,NA,NA,1.56,NA,NA,NA,NA,NA,NA,NA,NA,2.02,3.3,1.15,2.62,1.14,0.93,0,1.41,NA,1.05,2.02,1.44,1.14,1.66,1.41,1.98,1.66,1.33,1.1,2.42,1.9,2.05,1.3,1.08,2.21,2.09,NA,1.98,1.79,1.59,1.09,1.99,1.11,1.71,1.65,1.48,2.07,1.53,1.25,1.44,1.42,1.8,
Dataset/TF/T_(3)/Allegedly_40_apps_on_App_Store_are_infected.txt,1,NA,NA,NA,2.21,NA,NA,2.42,NA,NA,NA,4.51,2.3,NA,6,NA,5.9,NA,NA,NA,21.79,NA,NA,NA,1.84,NA,1.88,NA,2.1,NA,NA,NA,NA,NA,2.68,NA,2.08,2.08,2.12,NA,NA,NA,NA,1.11,1.17,NA,1.49,2.35,NA,3.15,NA,7.52,NA,2.67,NA,NA,NA,NA,NA,NA,NA,NA,NA,NA,NA,1.21,NA,NA,NA,8.09,2.11,NA,NA,NA,NA,2.27,NA,NA,NA,NA,NA,NA,NA,4.16,NA,2.87,NA,NA,2.34,NA,NA,2.15,NA,NA,NA,1.8,NA,NA,NA,NA,NA,NA,NA,NA,1.12,2.22,1.5,3.91,1.17,1.87,1.41,0,NA,1.33,1.58,1.17,0.72,1.94,1.08,1.3,1.45,2.35,1.72,3.23,2.3,3.47,1.94,0.93,2.08,1.96,NA,1.62,1.62,1.89,4.64,1.61,1.45,2.97,2,1.48,1.69,1.65,1.7,1.31,1.35,1.75,
Dataset/TF/T_(3)/Naikon_APT_steals_geopolitical_data_from_the_South_China_Sea.txt,1,NA,NA,NA,1.66,NA,NA,2.27,NA,NA,NA,1.53,1.04,NA,2.03,NA,5.15,NA,NA,NA,4.45,NA,NA,NA,2.38,NA,4.99,NA,2.42,NA,NA,NA,NA,NA,2.36,NA,1.52,1.52,1.5,NA,NA,NA,NA,3.2,0.86,NA,2,1.86,NA,3.57,NA,3.99,NA,1.78,NA,NA,NA,NA,NA,NA,NA,NA,NA,NA,NA,1.66,NA,NA,NA,2.64,1.58,NA,NA,NA,NA,1.82,NA,NA,NA,NA,NA,NA,NA,1.32,NA,4.01,NA,NA,1.35,NA,NA,1.95,NA,NA,NA,1.46,NA,NA,NA,NA,NA,NA,NA,NA,1.87,2.96,2.56,2.78,0.92,1.24,1.05,1.33,NA,0,1.74,0.85,2.01,1.67,1.43,1.6,1.88,1,0.99,1.98,2.29,2.13,1.64,1.54,0.88,1.25,NA,0.97,1.71,1.13,1.51,1.14,1.14,1.67,0.68,1.6,1.33,1.19,1.67,1.4,1.09,1.16,
Dataset/TF/T_(3)/TeslaCrypt_2.0_ransomware__stronger_and_more_dangerous.txt,1,NA,NA,NA,3.14,NA,NA,1.29,NA,NA,NA,1.33,1.26,NA,1.73,NA,3.99,NA,NA,NA,4.97,NA,NA,NA,1.67,NA,1.52,NA,0.78,NA,NA,NA,NA,NA,2.04,NA,2.36,2.36,1.52,NA,NA,NA,NA,1.82,1.22,NA,1.81,2.47,NA,2.78,NA,3.2,NA,2.61,NA,NA,NA,NA,NA,NA,NA,NA,NA,NA,NA,0.98,NA,NA,NA,5,1.3,NA,NA,NA,NA,1.6,NA,NA,NA,NA,NA,NA,NA,2.47,NA,3.07,NA,NA,1.96,NA,NA,1.48,NA,NA,NA,1.66,NA,NA,NA,NA,NA,NA,NA,NA,1.46,2,2.26,2.98,1.79,2.44,2.02,1.58,NA,1.74,0,1.22,1,0.95,1.39,1.65,1.1,1.72,2.37,1.32,2.52,2.31,1.34,1.82,2.29,2.05,NA,1.74,0.91,2.59,0.77,2.1,1.64,1.84,1.93,1.18,2.13,1.9,2.57,2.16,1.25,1.07,
Dataset/TF/T_(3)/What_are_exploits_and_why_they_are_so_scary.txt,1,NA,NA,NA,1.96,NA,NA,2.08,NA,NA,NA,1.62,1,NA,2.23,NA,2.55,NA,NA,NA,6.3,NA,NA,NA,1.33,NA,1.69,NA,1.4,NA,NA,NA,NA,NA,1.59,NA,1.12,1.12,2.12,NA,NA,NA,NA,5.14,0,NA,1.08,1.6,NA,2.98,NA,4.17,NA,1.28,NA,NA,NA,NA,NA,NA,NA,NA,NA,NA,NA,2.02,NA,NA,NA,3.03,2.02,NA,NA,NA,NA,2.6,NA,NA,NA,NA,NA,NA,NA,0.95,NA,3.14,NA,NA,5.14,NA,NA,1.72,NA,NA,NA,2.35,NA,NA,NA,NA,NA,NA,NA,NA,1.34,2.2,1.3,2.1,1.57,1.38,1.44,1.17,NA,0.85,1.22,0,1.13,1.28,0.96,2.33,1.24,1.63,1.03,1.4,2.69,1.87,1.29,1.26,1.72,1.41,NA,1.24,1.69,1.18,2.82,1.83,1.2,1.45,1.74,2.35,1.29,0.96,1.41,1,1.87,1.22,
Dataset/TF/T_(3)/ZCryptor__The_conqueror_worm.txt,1,NA,NA,NA,2.2,NA,NA,3.95,NA,NA,NA,1.97,1.14,NA,1.12,NA,2.66,NA,NA,NA,3.25,NA,NA,NA,1.68,NA,2.34,NA,0.7,NA,NA,NA,NA,NA,0.96,NA,1.72,1.72,1.58,NA,NA,NA,NA,3.14,1.14,NA,1.88,1.7,NA,2.93,NA,2.02,NA,2.02,NA,NA,NA,NA,NA,NA,NA,NA,NA,NA,NA,2.89,NA,NA,NA,3.03,2.66,NA,NA,NA,NA,1.57,NA,NA,NA,NA,NA,NA,NA,1.81,NA,2.71,NA,NA,1.8,NA,NA,1.73,NA,NA,NA,2.85,NA,NA,NA,NA,NA,NA,NA,NA,2.86,2.8,1.34,7.52,0.91,1.64,1.14,0.72,NA,2.01,1,1.13,0,3.05,1.66,1.84,1.2,2.16,1.64,2.23,2.65,3.35,1.34,1.47,2.86,4.8,NA,1.61,1.06,2.95,2.37,5.08,1.16,2.61,0.63,1,1.69,2,1.93,1.35,3.34,1.05,
Dataset/TF/T_(4)/ATMitch-_remote_administration_of_ATMs.txt,1,NA,NA,NA,4.32,NA,NA,4.11,NA,NA,NA,2.14,1.99,NA,4.9,NA,3.35,NA,NA,NA,5.33,NA,NA,NA,2.15,NA,2.23,NA,1.32,NA,NA,NA,NA,NA,1.83,NA,3.1,3.1,2.31,NA,NA,NA,NA,4.76,1.28,NA,1.72,3.58,NA,1.84,NA,7.45,NA,2.16,NA,NA,NA,NA,NA,NA,NA,NA,NA,NA,NA,4.49,NA,NA,NA,10.19,2.7,NA,NA,NA,NA,2.89,NA,NA,NA,NA,NA,NA,NA,1.46,NA,2.35,NA,NA,4.26,NA,NA,2.87,NA,NA,NA,5.3,NA,NA,NA,NA,NA,NA,NA,NA,2.87,1.67,1.94,4.47,2.74,4.12,1.66,1.94,NA,1.67,0.95,1.28,3.05,0,1.46,2.28,0.89,4.62,1.45,2.54,4.13,3,1.76,2.57,2.39,1.87,NA,2.26,2.01,1,1.88,0.9,1.31,2.02,4.15,1.92,2.63,2.72,2.23,2.63,1.91,1.46,
Dataset/TF/T_(4)/Breaking_The_Weakest_Link_Of_The_Strongest_Chain.txt,1,NA,NA,NA,1.91,NA,NA,1.61,NA,NA,NA,1.89,1.88,NA,6.06,NA,3.97,NA,NA,NA,13.49,NA,NA,NA,2.01,NA,2.29,NA,1.81,NA,NA,NA,NA,NA,3.48,NA,1.42,1.42,2.38,NA,NA,NA,NA,2.21,0.96,NA,1.13,1.56,NA,2.29,NA,3.37,NA,1.34,NA,NA,NA,NA,NA,NA,NA,NA,NA,NA,NA,0.98,NA,NA,NA,3.52,1.33,NA,NA,NA,NA,1.72,NA,NA,NA,NA,NA,NA,NA,2.24,NA,2.93,NA,NA,2.25,NA,NA,2.43,NA,NA,NA,2.96,NA,NA,NA,NA,NA,NA,NA,NA,1.5,3.53,1.71,2.19,1.1,1.55,1.41,1.08,NA,1.43,1.39,0.96,1.66,1.46,0,1.83,1.82,0.95,1.13,1.22,2.19,2.72,1.13,1.08,1.58,0.94,NA,1.9,1.04,1.23,2.24,1.37,1.04,1.16,1.87,1.88,1.93,1.42,1.22,1.13,1.4,0.98,
Dataset/TF/T_(4)/Expensive_free_apps.txt,1,NA,NA,NA,5.36,NA,NA,2.64,NA,NA,NA,1.9,1.83,NA,2.29,NA,2.73,NA,NA,NA,3.99,NA,NA,NA,2.69,NA,2.1,NA,1.89,NA,NA,NA,NA,NA,1.83,NA,1.72,1.72,0.98,NA,NA,NA,NA,3.18,2.33,NA,2.14,2.21,NA,5.45,NA,2.5,NA,1.92,NA,NA,NA,NA,NA,NA,NA,NA,NA,NA,NA,1.35,NA,NA,NA,5.51,1.93,NA,NA,NA,NA,1.41,NA,NA,NA,NA,NA,NA,NA,3.07,NA,2.24,NA,NA,1.02,NA,NA,3.82,NA,NA,NA,2.5,NA,NA,NA,NA,NA,NA,NA,NA,3.61,3.97,1.32,6.06,1.7,1.65,1.98,1.3,NA,1.6,1.65,2.33,1.84,2.28,1.83,0,2.52,1.85,1.48,1.24,2.02,1.74,2.04,1.81,1.99,1.54,NA,1.13,1.11,1.77,1.11,2.16,1.45,1.89,2.19,1.5,0.92,1.63,1.55,1.98,1.69,1.43,
Dataset/TF/T_(4)/Fileless_attacks_against_enterprise_networks.txt,1,NA,NA,NA,2.26,NA,NA,1.61,NA,NA,NA,1.6,2.14,NA,1.84,NA,2.57,NA,NA,NA,11,NA,NA,NA,1.55,NA,0.88,NA,1.23,NA,NA,NA,NA,NA,1.57,NA,1.38,1.38,1.12,NA,NA,NA,NA,5.21,1.24,NA,1.52,3.73,NA,2.04,NA,4,NA,1.12,NA,NA,NA,NA,NA,NA,NA,NA,NA,NA,NA,2.91,NA,NA,NA,2.68,2.03,NA,NA,NA,NA,2.36,NA,NA,NA,NA,NA,NA,NA,2.05,NA,2.95,NA,NA,4.6,NA,NA,1.83,NA,NA,NA,3.69,NA,NA,NA,NA,NA,NA,NA,NA,4.48,4.16,3.91,3.88,1.36,1.16,1.66,1.45,NA,1.88,1.1,1.24,1.2,0.89,1.82,2.52,0,1.47,0.96,1.42,1.93,2.98,1.05,2.23,2.99,1.65,NA,1.4,2.28,1.13,8.64,1.96,1.07,2.77,1.75,1.27,2.17,1.9,1.18,1.46,2.3,1.23,
Dataset/TF/T_(4)/From_Shamoon_to_StoneDrill.txt,1,NA,NA,NA,4.35,NA,NA,2.85,NA,NA,NA,1.8,2.02,NA,1.63,NA,1.81,NA,NA,NA,2.11,NA,NA,NA,1.65,NA,2.75,NA,2.91,NA,NA,NA,NA,NA,1.55,NA,1.99,1.99,2.17,NA,NA,NA,NA,5.75,1.63,NA,1.55,2.52,NA,2.46,NA,2.17,NA,1.81,NA,NA,NA,NA,NA,NA,NA,NA,NA,NA,NA,1.2,NA,NA,NA,2.89,0.9,NA,NA,NA,NA,1.79,NA,NA,NA,NA,NA,NA,NA,1.78,NA,2.39,NA,NA,1.51,NA,NA,2.82,NA,NA,NA,1.75,NA,NA,NA,NA,NA,NA,NA,NA,3.17,4,4.14,16.5,2.23,1.34,1.33,2.35,NA,1,1.72,1.63,2.16,4.62,0.95,1.85,1.47,0,1.25,1.01,1.01,1.66,1.18,4.67,2.46,2.21,NA,1.61,1.05,1.4,1.2,3.24,1.67,1.52,2.42,1.29,2.37,1.16,1.52,1.27,1.45,1.47,
Dataset/TF/T_(4)/KopiLuwak-_A_New_JavaScript_Payload_from_Turla.txt,1,NA,NA,NA,4.11,NA,NA,1.43,NA,NA,NA,1.81,1.24,NA,2.49,NA,2.44,NA,NA,NA,5.49,NA,NA,NA,1.91,NA,2.49,NA,4.22,NA,NA,NA,NA,NA,1.24,NA,0.98,0.98,1.84,NA,NA,NA,NA,5.12,1.03,NA,1.12,1.96,NA,2.49,NA,4.29,NA,1.28,NA,NA,NA,NA,NA,NA,NA,NA,NA,NA,NA,2.91,NA,NA,NA,8.55,1.91,NA,NA,NA,NA,1.58,NA,NA,NA,NA,NA,NA,NA,2.24,NA,2.8,NA,NA,1.99,NA,NA,4.96,NA,NA,NA,2.53,NA,NA,NA,NA,NA,NA,NA,NA,3.66,3.89,1.47,2.99,3.72,1.74,1.1,1.72,NA,0.99,2.37,1.03,1.64,1.45,1.13,1.48,0.96,1.25,0,1.28,1.07,1.59,1.12,2.43,3.2,1.97,NA,1.49,1.12,1.11,1.53,2.85,1.16,1.52,2.27,1.15,2.16,1.01,1.4,1.21,1.52,1.21,
Dataset/TF/T_(4)/Lazarus_Under_The_Hood.txt,1,NA,NA,NA,2.32,NA,NA,1.58,NA,NA,NA,1.85,1.93,NA,2.22,NA,2.06,NA,NA,NA,8.24,NA,NA,NA,1.07,NA,2.04,NA,2.57,NA,NA,NA,NA,NA,1.21,NA,0.91,0.91,1.74,NA,NA,NA,NA,6.95,1.38,NA,1,2.5,NA,2.19,NA,3.19,NA,1.05,NA,NA,NA,NA,NA,NA,NA,NA,NA,NA,NA,1.77,NA,NA,NA,4.79,2.75,NA,NA,NA,NA,1.86,NA,NA,NA,NA,NA,NA,NA,2.58,NA,4.28,NA,NA,2.01,NA,NA,2.09,NA,NA,NA,1.99,NA,NA,NA,NA,NA,NA,NA,NA,3.65,4.31,2.94,3.7,2.48,3.11,2.42,3.23,NA,1.98,1.32,1.4,2.23,2.54,1.22,1.24,1.42,1.01,1.28,0,1.06,1.19,1.78,2.42,2.15,1.39,NA,1.89,1.24,1,2.42,3.05,1.56,1.42,1.58,1.16,2.68,1.13,1,1.13,1.83,1.36,
Dataset/TF/T_(4)/New(ish)_Mirai_Spreader_Poses_New_Risks.txt,1,NA,NA,NA,3.77,NA,NA,1.44,NA,NA,NA,2.28,1.26,NA,1.69,NA,2.23,NA,NA,NA,2.29,NA,NA,NA,1.73,NA,4.93,NA,3.55,NA,NA,NA,NA,NA,1.6,NA,1.31,1.31,2.01,NA,NA,NA,NA,2.56,2.69,NA,1.8,4.28,NA,2.42,NA,5.38,NA,1.59,NA,NA,NA,NA,NA,NA,NA,NA,NA,NA,NA,2.92,NA,NA,NA,4.15,1.48,NA,NA,NA,NA,3.62,NA,NA,NA,NA,NA,NA,NA,2.63,NA,2.31,NA,NA,2.79,NA,NA,4.26,NA,NA,NA,2.32,NA,NA,NA,NA,NA,NA,NA,NA,3.8,6.12,4,7.09,2.33,1.55,1.9,2.3,NA,2.29,2.52,2.69,2.65,4.13,2.19,2.02,1.93,1.01,1.07,1.06,0,1.44,1.53,3.97,2.12,2.35,NA,1.59,1.22,2.25,2.17,2.08,1.72,1.72,4.01,1.57,2,1.22,1.3,1.15,3.48,2.02,
Dataset/TF/T_(4)/Penquin’s_Moonlit_Maze.txt,1,NA,NA,NA,4.93,NA,NA,1.26,NA,NA,NA,2.64,1.69,NA,2.28,NA,1.97,NA,NA,NA,6.93,NA,NA,NA,1.49,NA,3.42,NA,4.44,NA,NA,NA,NA,NA,1.68,NA,1.32,1.32,1.61,NA,NA,NA,NA,3.43,1.87,NA,1.82,2.83,NA,2.7,NA,5.7,NA,0.97,NA,NA,NA,NA,NA,NA,NA,NA,NA,NA,NA,1.83,NA,NA,NA,6.32,2.33,NA,NA,NA,NA,1.63,NA,NA,NA,NA,NA,NA,NA,4.71,NA,2.74,NA,NA,1.52,NA,NA,2.45,NA,NA,NA,3.57,NA,NA,NA,NA,NA,NA,NA,NA,4.39,6.69,3.62,3.27,4.59,2.37,2.05,3.47,NA,2.13,2.31,1.87,3.35,3,2.72,1.74,2.98,1.66,1.59,1.19,1.44,0,2.22,2.07,3.62,1.49,NA,1.47,1.71,1.53,4.22,1.6,1.87,2.18,4.4,1.45,2.18,1.08,1.89,1.54,2.84,2,
Dataset/TF/T_(4)/Previously_unknown_ransomware_technique.txt,1,NA,NA,NA,2.71,NA,NA,1.64,NA,NA,NA,2.17,2.63,NA,1.75,NA,4.2,NA,NA,NA,4.11,NA,NA,NA,1.82,NA,1.92,NA,1.61,NA,NA,NA,NA,NA,2.51,NA,1.53,1.53,1.61,NA,NA,NA,NA,37,1.29,NA,1.48,3.17,NA,4.73,NA,4.12,NA,1.7,NA,NA,NA,NA,NA,NA,NA,NA,NA,NA,NA,1.39,NA,NA,NA,9.13,2.71,NA,NA,NA,NA,4.14,NA,NA,NA,NA,NA,NA,NA,2.02,NA,2.1,NA,NA,2.72,NA,NA,2.8,NA,NA,NA,0.93,NA,NA,NA,NA,NA,NA,NA,NA,1.86,2.54,3.08,3.15,1.87,2.69,1.3,1.94,NA,1.64,1.34,1.29,1.34,1.76,1.13,2.04,1.05,1.18,1.12,1.78,1.53,2.22,0,0.9,1.37,1.68,NA,2.06,1.48,1.68,3.14,2.4,1.24,2.34,3.3,0.87,1.68,2.04,1.89,1.94,1.28,2.66,
Dataset/TF/T_(4)/Ransomware_in_targeted_attacks.txt,1,NA,NA,NA,3.26,NA,NA,2.59,NA,NA,NA,3.58,2.25,NA,3.87,NA,9.63,NA,NA,NA,15.05,NA,NA,NA,2.31,NA,2.54,NA,1.81,NA,NA,NA,NA,NA,2.59,NA,1.86,1.86,3.88,NA,NA,NA,NA,5.01,1.26,NA,1.35,3.57,NA,2.73,NA,1.97,NA,2.54,NA,NA,NA,NA,NA,NA,NA,NA,NA,NA,NA,1.42,NA,NA,NA,14.75,4.3,NA,NA,NA,NA,2.07,NA,NA,NA,NA,NA,NA,NA,2.76,NA,3.03,NA,NA,2.3,NA,NA,2.12,NA,NA,NA,3.48,NA,NA,NA,NA,NA,NA,NA,NA,1.42,4.33,1.31,1.8,1.12,1.93,1.08,0.93,NA,1.54,1.82,1.26,1.47,2.57,1.08,1.81,2.23,4.67,2.43,2.42,3.97,2.07,0.9,0,1.62,1.52,NA,1.34,1.9,1.61,2.49,1.79,1.87,1.74,0.91,0.96,1.47,1.78,1.51,1.94,1.55,2.18,
Dataset/TF/T_(5)/Android_Trojan_Switcher_Infects_Routers_via_DNS_Hijacking.txt,1,NA,NA,NA,2.71,NA,NA,2.88,NA,NA,NA,2.93,3.4,NA,2.97,NA,3.49,NA,NA,NA,6.01,NA,NA,NA,2.27,NA,2.72,NA,2.25,NA,NA,NA,NA,NA,2.07,NA,2.9,2.9,4.17,NA,NA,NA,NA,6.97,1.71,NA,3.38,1.65,NA,1.73,NA,2.55,NA,3.39,NA,NA,NA,NA,NA,NA,NA,NA,NA,NA,NA,1.39,NA,NA,NA,9.55,6.61,NA,NA,NA,NA,4.38,NA,NA,NA,NA,NA,NA,NA,2.83,NA,9.01,NA,NA,2.78,NA,NA,3.14,NA,NA,NA,2.17,NA,NA,NA,NA,NA,NA,NA,NA,1.55,2.41,2.11,5.16,0.95,2.31,2.21,2.08,NA,0.88,2.29,1.72,2.86,2.39,1.58,1.99,2.99,2.46,3.2,2.15,2.12,3.62,1.37,1.62,0,1.09,NA,2.2,1.82,1.77,1.78,0.94,1.55,1.47,2.06,2.97,3.08,2.92,2.81,2.54,1.59,1.43,
Dataset/TF/T_(5)/ANDROID_VARIANT_OF_NOTORIOUS_PEGASUS_SPYWARE_FOUND.txt,1,NA,NA,NA,1.54,NA,NA,1.87,NA,NA,NA,2.44,2.43,NA,3.61,NA,4.53,NA,NA,NA,1.62,NA,NA,NA,2.05,NA,1.36,NA,2.56,NA,NA,NA,NA,NA,2.7,NA,1.61,1.61,1.92,NA,NA,NA,NA,6.55,1.4,NA,1.12,3.73,NA,2.38,NA,5.9,NA,1.5,NA,NA,NA,NA,NA,NA,NA,NA,NA,NA,NA,0.89,NA,NA,NA,3.41,1.93,NA,NA,NA,NA,2.16,NA,NA,NA,NA,NA,NA,NA,1.56,NA,3.12,NA,NA,1.14,NA,NA,2.07,NA,NA,NA,2.51,NA,NA,NA,NA,NA,NA,NA,NA,1.49,4.15,1.49,1.71,1.13,2.85,2.09,1.96,NA,1.25,2.05,1.41,4.8,1.87,0.94,1.54,1.65,2.21,1.97,1.39,2.35,1.49,1.68,1.52,1.09,0,NA,1.79,1.21,1.2,2.13,1.64,0.87,1.29,1.96,1.83,1.23,2.46,1.49,1.72,1.96,2.15,
Dataset/TF/T_(5)/Data_Stealing_Malware_TeamSpy_Resurfaces_in_Spam_Campaign.txt,1,NA,NA,NA,2.19,NA,NA,2.2,NA,NA,NA,1.69,1.4,NA,4.65,NA,4.74,NA,NA,NA,7.68,NA,NA,NA,3.18,NA,2.19,NA,2.72,NA,NA,NA,NA,NA,2.64,NA,2.03,2.03,2.67,NA,NA,NA,NA,2.78,1.24,NA,1.28,2.05,NA,2.9,NA,3.2,NA,2.1,NA,NA,NA,NA,NA,NA,NA,NA,NA,NA,NA,2.79,NA,NA,NA,8.65,2.33,NA,NA,NA,NA,2.17,NA,NA,NA,NA,NA,NA,NA,3,NA,2.97,NA,NA,10.5,NA,NA,2.6,NA,NA,NA,1.96,NA,NA,NA,NA,NA,NA,NA,NA,1.09,4.31,2.19,3.1,1.82,1.45,1.98,1.62,NA,0.97,1.74,1.24,1.61,2.26,1.9,1.13,1.4,1.61,1.49,1.89,1.59,1.47,2.06,1.34,2.2,1.79,NA,0,1.01,1.26,1.59,2.02,1.08,1.47,1.62,1.02,1.72,1.53,1.21,1.66,1.61,1.33,
Dataset/TF/T_(5)/Dridex_Trojan_Gets_A_Major_‘AtomBombing’_Update.txt,1,NA,NA,NA,3.49,NA,NA,2.16,NA,NA,NA,2.51,2.22,NA,2.3,NA,2.9,NA,NA,NA,1.35,NA,NA,NA,2.24,NA,3.68,NA,1.89,NA,NA,NA,NA,NA,1.79,NA,1.82,1.82,2.27,NA,NA,NA,NA,3.8,1.69,NA,2.09,3.12,NA,1.66,NA,0.71,NA,3.67,NA,NA,NA,NA,NA,NA,NA,NA,NA,NA,NA,0.93,NA,NA,NA,6.47,1.83,NA,NA,NA,NA,1.23,NA,NA,NA,NA,NA,NA,NA,1.83,NA,3.52,NA,NA,1.3,NA,NA,3.49,NA,NA,NA,1.34,NA,NA,NA,NA,NA,NA,NA,NA,2.13,5.38,1.9,2.94,1.42,2.78,1.79,1.62,NA,1.71,0.91,1.69,1.06,2.01,1.04,1.11,2.28,1.05,1.12,1.24,1.22,1.71,1.48,1.9,1.82,1.21,NA,1.01,0,1.33,0.69,0.8,1.55,0.69,1.16,1.42,1.93,1.36,1.87,1.61,2.89,1.31,
Dataset/TF/T_(5)/Fileless_Banking_Malware_Attackers_Break_In-_Cash_Out-_Disappear.txt,1,NA,NA,NA,3.49,NA,NA,1.95,NA,NA,NA,2.32,1.75,NA,3.3,NA,3.71,NA,NA,NA,7.64,NA,NA,NA,1.83,NA,1.84,NA,5.09,NA,NA,NA,NA,NA,1.59,NA,1.61,1.61,2.09,NA,NA,NA,NA,14.39,1.18,NA,1.07,2.51,NA,1.7,NA,8.83,NA,1.6,NA,NA,NA,NA,NA,NA,NA,NA,NA,NA,NA,1.48,NA,NA,NA,3.84,2.21,NA,NA,NA,NA,3,NA,NA,NA,NA,NA,NA,NA,2.27,NA,2.37,NA,NA,1.73,NA,NA,3.48,NA,NA,NA,1.73,NA,NA,NA,NA,NA,NA,NA,NA,2.99,4.43,1.9,2.7,2.89,3.48,1.59,1.89,NA,1.13,2.59,1.18,2.95,1,1.23,1.77,1.13,1.4,1.11,1,2.25,1.53,1.68,1.61,1.77,1.2,NA,1.26,1.33,0,3.37,1.33,1.38,1.31,1.25,1.73,1.7,1.18,1.29,1.44,1.43,1.5,
Dataset/TF/T_(5)/Necurs_Botnet_Learns_New_DDoS_Trick.txt,1,NA,NA,NA,2.74,NA,NA,4.52,NA,NA,NA,4.42,2.79,NA,2.3,NA,23,NA,NA,NA,2.92,NA,NA,NA,8.08,NA,6.39,NA,3.22,NA,NA,NA,NA,NA,2.51,NA,3.15,3.15,3.57,NA,NA,NA,NA,2.75,2.82,NA,4.18,1.74,NA,3.17,NA,1.52,NA,4,NA,NA,NA,NA,NA,NA,NA,NA,NA,NA,NA,1.79,NA,NA,NA,1.86,4.13,NA,NA,NA,NA,4.15,NA,NA,NA,NA,NA,NA,NA,1.49,NA,4.73,NA,NA,3.47,NA,NA,13.17,NA,NA,NA,1.33,NA,NA,NA,NA,NA,NA,NA,NA,4.94,3.58,2.94,2.67,2.22,4.81,1.09,4.64,NA,1.51,0.77,2.82,2.37,1.88,2.24,1.11,8.64,1.2,1.53,2.42,2.17,4.22,3.14,2.49,1.78,2.13,NA,1.59,0.69,3.37,0,2.2,2.3,3.37,1.71,1.48,5.01,3.21,3.13,4.15,0.59,2.96,
Dataset/TF/T_(5)/NetWire_RAT_Back-_Stealing_Payment_Card_Data.txt,1,NA,NA,NA,3.32,NA,NA,2.27,NA,NA,NA,2.55,2.4,NA,2.88,NA,3.16,NA,NA,NA,6,NA,NA,NA,3.05,NA,4.19,NA,3.93,NA,NA,NA,NA,NA,4.1,NA,3.25,3.25,3.17,NA,NA,NA,NA,3.29,1.83,NA,4.47,2.7,NA,4.09,NA,3.67,NA,2.32,NA,NA,NA,NA,NA,NA,NA,NA,NA,NA,NA,1.51,NA,NA,NA,NA,2.44,NA,NA,NA,NA,2.41,NA,NA,NA,NA,NA,NA,NA,1.71,NA,10.6,NA,NA,1.54,NA,NA,2.88,NA,NA,NA,1.54,NA,NA,NA,NA,NA,NA,NA,NA,2.57,2.64,1.16,3.34,1.66,3.33,1.99,1.61,NA,1.14,2.1,1.83,5.08,0.9,1.37,2.16,1.96,3.24,2.85,3.05,2.08,1.6,2.4,1.79,0.94,1.64,NA,2.02,0.8,1.33,2.2,0,1.98,1.96,3.89,2.03,1.76,2.36,2.09,2.54,2.75,1.34,
Dataset/TF/T_(5)/NEW_RAT_TARGETS_KOREANS_AND_IS_SKILLED_AT_EVADING_DETECTION.txt,1,NA,NA,NA,2.71,NA,NA,2.16,NA,NA,NA,2.17,1.73,NA,1.43,NA,5.31,NA,NA,NA,5.27,NA,NA,NA,2,NA,1.95,NA,5.56,NA,NA,NA,NA,NA,2.23,NA,2.31,2.31,1.66,NA,NA,NA,NA,5.4,1.2,NA,1.13,1.14,NA,7.13,NA,2.94,NA,1.5,NA,NA,NA,NA,NA,NA,NA,NA,NA,NA,NA,2.03,NA,NA,NA,3.24,2.17,NA,NA,NA,NA,2.04,NA,NA,NA,NA,NA,NA,NA,1.54,NA,3.44,NA,NA,3.28,NA,NA,1.87,NA,NA,NA,1.92,NA,NA,NA,NA,NA,NA,NA,NA,1.28,1.02,3.11,3.31,1.88,1.37,1.11,1.45,NA,1.14,1.64,1.2,1.16,1.31,1.04,1.45,1.07,1.67,1.16,1.56,1.72,1.87,1.24,1.87,1.55,0.87,NA,1.08,1.55,1.38,2.3,1.98,0,0.94,1.6,1.42,1.07,1.02,1.46,1.54,1.37,1.42,
Dataset/TF/T_(5)/Zeus_Variant_‘Floki_Bot’_Targets_PoS_Data.txt,1,NA,NA,NA,2.99,NA,NA,2.78,NA,NA,NA,1.59,2.58,NA,4.65,NA,4.68,NA,NA,NA,2.23,NA,NA,NA,2.03,NA,2.62,NA,6,NA,NA,NA,NA,NA,2.02,NA,1.94,1.94,2.37,NA,NA,NA,NA,7.25,1.45,NA,1.55,3.32,NA,3.46,NA,6.85,NA,2.05,NA,NA,NA,NA,NA,NA,NA,NA,NA,NA,NA,1.56,NA,NA,NA,8.14,4.45,NA,NA,NA,NA,2.03,NA,NA,NA,NA,NA,NA,NA,2.54,NA,4.5,NA,NA,1.46,NA,NA,2.94,NA,NA,NA,1.67,NA,NA,NA,NA,NA,NA,NA,NA,2.42,6.05,2.26,3.38,2.5,1.27,1.71,2.97,NA,1.67,1.84,1.45,2.61,2.02,1.16,1.89,2.77,1.52,1.52,1.42,1.72,2.18,2.34,1.74,1.47,1.29,NA,1.47,0.69,1.31,3.37,1.96,0.94,0,1.97,1.31,1.85,1.36,1.38,1.57,2.02,1.69,
Dataset/TF/T_(6)/CERBER_Changes_Course-_Triple_Checks_for_Security_Software.txt,1,NA,NA,NA,2.17,NA,NA,4.15,NA,NA,NA,2.36,2.66,NA,2.12,NA,2.81,NA,NA,NA,2.81,NA,NA,NA,3.56,NA,2.57,NA,1.34,NA,NA,NA,NA,NA,3.08,NA,2.46,2.46,2.04,NA,NA,NA,NA,2.41,1.75,NA,1.81,2.84,NA,6.22,NA,2.15,NA,3.16,NA,NA,NA,NA,NA,NA,NA,NA,NA,NA,NA,2.13,NA,NA,NA,1.55,0.91,NA,NA,NA,NA,1.37,NA,NA,NA,NA,NA,NA,NA,2.83,NA,1.85,NA,NA,2.41,NA,NA,4.56,NA,NA,NA,1.37,NA,NA,NA,NA,NA,NA,NA,NA,2.13,1.95,2.32,1.94,1.66,1.56,1.65,2,NA,0.68,1.93,1.74,0.63,4.15,1.87,2.19,1.75,2.42,2.27,1.58,4.01,4.4,3.3,0.91,2.06,1.96,NA,1.62,1.16,1.25,1.71,3.89,1.6,1.97,0,1.06,1.64,2.07,2.11,1.58,2.14,0.83,
Dataset/TF/T_(6)/FighterPOS_PoS_Malware_Gets_Worm_Routine.txt,1,NA,NA,NA,6.75,NA,NA,1.78,NA,NA,NA,1.67,1.65,NA,1.39,NA,5.23,NA,NA,NA,2.1,NA,NA,NA,1.83,NA,1.4,NA,2.58,NA,NA,NA,NA,NA,1.53,NA,1.83,1.83,1.4,NA,NA,NA,NA,4.46,2.35,NA,1.2,3.03,NA,2.58,NA,2.96,NA,1.5,NA,NA,NA,NA,NA,NA,NA,NA,NA,NA,NA,3.22,NA,NA,NA,2.53,1.45,NA,NA,NA,NA,1.49,NA,NA,NA,NA,NA,NA,NA,1.67,NA,4.04,NA,NA,1.75,NA,NA,2.19,NA,NA,NA,1.73,NA,NA,NA,NA,NA,NA,NA,NA,2.18,1.76,1.81,2.15,1.22,2.15,1.48,1.48,NA,1.6,1.18,2.35,1,1.92,1.88,1.5,1.27,1.29,1.15,1.16,1.57,1.45,0.87,0.96,2.97,1.83,NA,1.02,1.42,1.73,1.48,2.03,1.42,1.31,1.06,0,1.39,1.09,0.95,0.93,1.45,1.33,
Dataset/TF/T_(6)/Let’s_Encrypt_Now_Being_Abused_By_Malvertisers.txt,1,NA,NA,NA,4.96,NA,NA,1.93,NA,NA,NA,1.75,1.38,NA,1.53,NA,3.82,NA,NA,NA,9.22,NA,NA,NA,1.73,NA,3.41,NA,3.45,NA,NA,NA,NA,NA,2.35,NA,1.59,1.59,1.76,NA,NA,NA,NA,3.32,1.29,NA,1.21,3.44,NA,4.94,NA,3.04,NA,1.75,NA,NA,NA,NA,NA,NA,NA,NA,NA,NA,NA,2.55,NA,NA,NA,2.76,2.12,NA,NA,NA,NA,1.74,NA,NA,NA,NA,NA,NA,NA,1.44,NA,1.21,NA,NA,2.83,NA,NA,1.73,NA,NA,NA,2.04,NA,NA,NA,NA,NA,NA,NA,NA,4.75,2.25,2.21,6.03,2.31,0.98,2.07,1.69,NA,1.33,2.13,1.29,1.69,2.63,1.93,0.92,2.17,2.37,2.16,2.68,2,2.18,1.68,1.47,3.08,1.23,NA,1.72,1.93,1.7,5.01,1.76,1.07,1.85,1.64,1.39,0,1.24,1.55,1.15,2.25,1.85,
Dataset/TF/T_(6)/Lurk__Retracing_the_Group’s_Five-Year_Campaign.txt,1,NA,NA,NA,6.76,NA,NA,1.74,NA,NA,NA,2.65,1.46,NA,1.9,NA,2.83,NA,NA,NA,5.94,NA,NA,NA,0.99,NA,2.41,NA,3.61,NA,NA,NA,NA,NA,1.98,NA,1.11,1.11,2.05,NA,NA,NA,NA,4.8,0.97,NA,0.94,1.48,NA,3.75,NA,7.36,NA,0.91,NA,NA,NA,NA,NA,NA,NA,NA,NA,NA,NA,2,NA,NA,NA,4.17,1.92,NA,NA,NA,NA,1.58,NA,NA,NA,NA,NA,NA,NA,2.14,NA,2.71,NA,NA,3.08,NA,NA,2.99,NA,NA,NA,2.54,NA,NA,NA,NA,NA,NA,NA,NA,3.09,3.71,3,3.37,2.31,1.28,1.53,1.65,NA,1.19,1.9,0.96,2,2.72,1.42,1.63,1.9,1.16,1.01,1.13,1.22,1.08,2.04,1.78,2.92,2.46,NA,1.53,1.36,1.18,3.21,2.36,1.02,1.36,2.07,1.09,1.24,0,1.07,0.52,1.74,1.14,
Dataset/TF/T_(6)/MajikPOS_Combines_PoS_Malware_and_RATs_to_Pull_Off_its_Malicious_Tricks.txt,1,NA,NA,NA,3.24,NA,NA,1.77,NA,NA,NA,1.65,1.83,NA,2.1,NA,4.87,NA,NA,NA,12.81,NA,NA,NA,1.71,NA,2.09,NA,2.25,NA,NA,NA,NA,NA,1.65,NA,1.24,1.24,1.9,NA,NA,NA,NA,5.69,1.41,NA,1.05,3.13,NA,3.17,NA,2.47,NA,1.46,NA,NA,NA,NA,NA,NA,NA,NA,NA,NA,NA,2.52,NA,NA,NA,4.82,2.04,NA,NA,NA,NA,1.82,NA,NA,NA,NA,NA,NA,NA,2.01,NA,3.09,NA,NA,1.49,NA,NA,1.8,NA,NA,NA,2.7,NA,NA,NA,NA,NA,NA,NA,NA,2.71,2.84,2.19,2.52,1.44,1.65,1.25,1.7,NA,1.67,2.57,1.41,1.93,2.23,1.22,1.55,1.18,1.52,1.4,1,1.3,1.89,1.89,1.51,2.81,1.49,NA,1.21,1.87,1.29,3.13,2.09,1.46,1.38,2.11,0.95,1.55,1.07,0,0.79,2.77,1.32,
Dataset/TF/T_(6)/RATANKBA__Delving_into_Large-scale_Watering_Holes_against_Enterprises.txt,1,NA,NA,NA,14.12,NA,NA,2.34,NA,NA,NA,2.02,1.68,NA,3.58,NA,2.77,NA,NA,NA,11.46,NA,NA,NA,0.92,NA,2.8,NA,3.88,NA,NA,NA,NA,NA,3.21,NA,1.26,1.26,1.74,NA,NA,NA,NA,2.72,1.01,NA,0.95,3.15,NA,3.14,NA,3.08,NA,1.33,NA,NA,NA,NA,NA,NA,NA,NA,NA,NA,NA,1.59,NA,NA,NA,3.38,3.43,NA,NA,NA,NA,1.65,NA,NA,NA,NA,NA,NA,NA,1.5,NA,3.88,NA,NA,3.66,NA,NA,1.65,NA,NA,NA,2.18,NA,NA,NA,NA,NA,NA,NA,NA,1.58,3.09,1.96,4.12,1.58,1.2,1.44,1.31,NA,1.4,2.16,1,1.35,2.63,1.13,1.98,1.46,1.27,1.21,1.13,1.15,1.54,1.94,1.94,2.54,1.72,NA,1.66,1.61,1.44,4.15,2.54,1.54,1.57,1.58,0.93,1.15,0.52,0.79,0,2.3,1.05,
Dataset/TF/T_(6)/The_Eye_of_the_Storm__A_Look_at_EyePyramid-_the_Malware_Supposedly_Used_in_High-Profile_Hacks_in_Italy.txt,1,NA,NA,NA,1.73,NA,NA,2.73,NA,NA,NA,3.96,2.75,NA,3.62,NA,4.04,NA,NA,NA,14.39,NA,NA,NA,3.04,NA,1.38,NA,3.78,NA,NA,NA,NA,NA,3.02,NA,2.07,2.07,2.3,NA,NA,NA,NA,2.22,1.87,NA,2.85,3.48,NA,2.9,NA,4,NA,2.59,NA,NA,NA,NA,NA,NA,NA,NA,NA,NA,NA,1.23,NA,NA,NA,5.29,1.48,NA,NA,NA,NA,4.36,NA,NA,NA,NA,NA,NA,NA,4.31,NA,2,NA,NA,4.37,NA,NA,2.86,NA,NA,NA,1.54,NA,NA,NA,NA,NA,NA,NA,NA,2.07,1.4,1.88,1.57,1.75,2.65,1.42,1.35,NA,1.09,1.25,1.87,3.34,1.91,1.4,1.69,2.3,1.45,1.52,1.83,3.48,2.84,1.28,1.55,1.59,1.96,NA,1.61,2.89,1.43,0.59,2.75,1.37,2.02,2.14,1.45,2.25,1.74,2.77,2.3,0,1.68,
Dataset/TF/T_(6)/TorrentLocker_Changes_Attack_Method-_Targets_Leading_European_Countries.txt,1,NA,NA,NA,5.43,NA,NA,1.13,NA,NA,NA,1.71,1.24,NA,2.37,NA,1.87,NA,NA,NA,2.75,NA,NA,NA,2.13,NA,2.28,NA,1.62,NA,NA,NA,NA,NA,1.65,NA,2.05,2.05,1.38,NA,NA,NA,NA,1.94,1.22,NA,1.28,1.9,NA,2.8,NA,1.35,NA,2.06,NA,NA,NA,NA,NA,NA,NA,NA,NA,NA,NA,4.17,NA,NA,NA,7.3,2.01,NA,NA,NA,NA,1.09,NA,NA,NA,NA,NA,NA,NA,2.11,NA,2.62,NA,NA,1.78,NA,NA,1.77,NA,NA,NA,1.52,NA,NA,NA,NA,NA,NA,NA,NA,2.03,1.77,2.09,8.21,1.81,1.68,1.8,1.75,NA,1.16,1.07,1.22,1.05,1.46,0.98,1.43,1.23,1.47,1.21,1.36,2.02,2,2.66,2.18,1.43,2.15,NA,1.33,1.31,1.5,2.96,1.34,1.42,1.69,0.83,1.33,1.85,1.14,1.32,1.05,1.68,0,
