src/main/java/Dataset/A/F/Encryption-is-a-good-thing.txt,0

==========
use,be,do,make,mean,have,communicate,help,plan,read,weaken,stop,secure,protect,include,hire,ban,like,convince,give,stay,guarantee,breathe,download,compile,leave,fail,spy,organise,want,

==========
12,11,6,4,3,3,3,3,3,3,2,2,2,2,1,1,1,1,1,1,1,1,1,1,1,1,1,1,1,1,

==========
src/main/java/Dataset/A/F/Leave-a-bad-review_-This-IoT-garage-door-opener-maker-may-brick-your-device.txt,0

==========
be,leave,do,have,brick,post,know,communicate,follow,go,deny,work,look,make,accord,attach,open,close,use,beam,name,say,trade,design,treat,install,attempt,register,start,reinstall,

==========
20,6,6,4,2,2,2,2,2,2,2,2,2,2,1,1,1,1,1,1,1,1,1,1,1,1,1,1,1,1,

==========
src/main/java/Dataset/A/F/Why-it's-a-good-idea-to-clear-your-browser-history-and-cookies.txt,0

==========
be,browse,do,delete,use,have,save,want,make,clear,download,store,load,occur,allow,get,refer,visit,keep,remember,track,think,steal,forge,speed,gain,generate,follow,log,authenticate,

==========
24,13,10,8,7,5,5,5,4,4,4,4,4,3,3,3,3,3,3,3,3,2,2,2,2,2,2,2,2,2,

==========
src/main/java/Dataset/A/F-(2)/4-Things-that-Make-Cloud-Compliance-Harder-Than-You-Think.txt,0

==========
be,do,have,build,manage,get,make,go,take,understand,speed,introduce,use,help,achieve,maintain,adopt,figure,leave,struggle,let,keep,explain,teach,ensure,lock,validate,replace,deliver,put,

==========
31,9,7,6,6,4,3,3,2,2,2,2,2,2,1,1,1,1,1,1,1,1,1,1,1,1,1,1,1,1,

==========
src/main/java/Dataset/A/F-(2)/Access-Management-and-the-Automation-of-Things.txt,0

==========
be,make,have,automate,do,contact,manage,need,work,create,ask,request,want,require,wait,wonder,call,provide,set,enter,begin,use,check,accept,eliminate,reset,forget,adapt,allow,destroy,

==========
34,7,7,7,6,6,5,5,5,3,3,3,2,2,2,2,2,2,2,2,2,2,2,2,2,2,2,2,2,1,

==========
src/main/java/Dataset/A/F-(2)/Are-Job-Seekers-at-Risk-of-a-Cyber-Breach_.txt,0

==========
be,have,uncover,compromise,exploit,limit,provide,accord,create,affect,access,keep,secure,conduct,get,monitor,expect,allow,work,experience,reveal,expose,occur,hire,look,launch,publish,advise,place,review,

==========
15,6,5,4,3,3,2,2,2,2,2,2,2,2,2,2,2,2,1,1,1,1,1,1,1,1,1,1,1,1,

==========
src/main/java/Dataset/A/F-(2)/Ask-a-Security-Professional--WordPress-Database-Security-Part-One-—-Anatomy-of-WordPress.txt,0

==========
be,have,understand,host,store,call,contain,start,inject,exist,impact,find,protect,make,live,install,see,seem,retrieve,get,pack,exploit,deface,become,run,leave,hack,face,craft,feel,

==========
37,9,4,4,3,3,3,2,2,2,2,2,2,2,2,2,2,2,2,1,1,1,1,1,1,1,1,1,1,1,

==========
src/main/java/Dataset/A/F-(2)/Ask-a-Security-Professional--WordPress-Database-Security-Part-Two-—-Best-Practices.txt,0

==========
be,have,want,keep,update,do,host,make,perform,use,limit,consider,hear,see,include,scan,play,take,go,run,turn,define,overlook,need,follow,ensure,set,disable,allow,tell,

==========
47,11,7,6,6,6,6,4,4,4,4,3,3,3,3,3,2,2,2,2,2,2,2,2,2,2,2,2,2,2,

==========
src/main/java/Dataset/A/F-(2)/Bracing-for-the-Future-of-Information-Security-Threats.txt,0

==========
be,have,use,cause,include,create,identify,plan,give,make,affect,need,require,grow,lose,impact,take,consider,result,understand,offer,put,spread,compromise,find,automate,analyze,reveal,deploy,become,

==========
59,10,8,5,5,4,4,4,4,4,4,4,4,3,3,3,3,3,3,3,3,3,3,3,3,3,3,3,3,2,

==========
src/main/java/Dataset/A/F-(2)/Cybersecurity-Industry-Must-Adopt-Cyberdefense-Tech-that-Utilizes-Analytics_-Artificial-Intelligence.txt,0

==========
be,do,have,need,use,see,change,work,hack,offer,take,establish,run,exploit,exist,find,quit,play,recognize,stop,ask,prepare,grow,move,evaluate,reduce,point,understand,increase,secure,

==========
64,14,9,8,7,5,4,4,4,4,3,3,3,3,3,3,2,2,2,2,2,2,2,2,2,2,2,2,2,2,

==========
src/main/java/Dataset/A/F-(2)/Exchanges-in-History--What-Third-Party-Cyber-Risk-Management-(TPRM)-Programs-Can-Learn-from-the-Past.txt,0

==========
be,have,gather,share,use,make,transform,provide,do,manage,rely,buy,determine,start,store,take,reduce,roll,fax,include,associate,revolutionize,keep,click,continue,calculate,hire,require,become,drive,

==========
35,21,7,6,6,5,4,4,4,4,3,3,3,2,2,2,2,2,2,2,2,2,2,2,2,2,2,2,2,2,

==========
src/main/java/Dataset/A/F-(2)/GRC--Going-Beyond-the-Acronym.txt,0

==========
be,have,do,come,see,grow,shape,protect,validate,understand,want,give,continue,ask,become,offer,make,call,focus,exercise,assure,forget,bury,provide,take,talk,align,expect,tag,kick,

==========
43,4,3,3,3,3,2,2,2,2,2,2,2,2,2,2,2,1,1,1,1,1,1,1,1,1,1,1,1,1,

==========
src/main/java/Dataset/A/F-(2)/Security-Policies-Matter-for-Disaster-Recovery.txt,0

==========
be,have,need,do,replicate,see,happen,use,install,make,ensure,affect,hit,maintain,change,synchronize,consider,cancel,experience,leave,bite,end,follow,disrupt,bank,take,target,control,stick,face,

==========
41,12,7,4,4,3,3,3,3,3,3,2,2,2,2,2,2,1,1,1,1,1,1,1,1,1,1,1,1,1,

==========
src/main/java/Dataset/A/F-(2)/Stop-Doing-Four-Things—and-Convince-Your-Execs-and-Board-to-Properly-Fund-Cybersecurity.txt,0

==========
be,use,have,take,start,become,help,stop,steal,call,tell,make,hack,happen,come,do,continue,understand,need,accompany,relate,try,want,convince,fund,force,pay,see,sell,keep,

==========
20,9,8,5,4,4,4,3,3,3,2,2,2,2,2,2,2,2,2,2,2,2,1,1,1,1,1,1,1,1,

==========
src/main/java/Dataset/A/F-(2)/Why-Is-Digital-Property-Monitored-Less-than-Physical-Property_.txt,0

==========
be,monitor,use,have,implement,accord,do,identify,give,invest,protect,live,know,take,provide,publish,soar,commit,assume,prevent,appear,cost,determine,let,face,estimate,register,offer,wish,record,

==========
33,8,7,6,4,3,3,3,2,2,2,2,2,2,2,1,1,1,1,1,1,1,1,1,1,1,1,1,1,1,

==========
src/main/java/Dataset/A/F-(3)/10-Experts-Who-Love-Kaspersky-Internet-Security-2015.txt,0

==========
be,say,do,write,take,declare,continue,deliver,recommend,add,have,rave,read,love,matter,keep,lose,give,near,purchase,test,capture,object,like,provide,review,

==========
22,7,3,3,2,2,2,2,2,2,2,1,1,1,1,1,1,1,1,1,1,1,1,1,1,1,

==========
src/main/java/Dataset/A/F-(3)/5-Myths-of-Antivirus.txt,0

==========
be,have,mean,use,do,run,exist,protect,maximize,step,get,update,need,steal,write,create,infect,want,keep,tackle,spend,design,attack,gain,prioritize,target,base,process,streamline,clean,

==========
20,8,4,4,3,2,2,2,2,2,2,2,2,2,2,2,2,1,1,1,1,1,1,1,1,1,1,1,1,1,

==========
src/main/java/Dataset/A/F-(3)/95%-of-Android-phones-can-be-hacked-with-one-just-MMS_-millions-at-risk.txt,0

==========
be,do,make,run,have,protect,discover,hack,secure,release,follow,take,receive,open,use,update,disable,tickle,report,tell,send,call,claim,expose,exploit,build,patch,slate,want,begin,

==========
19,7,3,3,3,2,2,2,2,2,2,2,2,2,2,2,2,1,1,1,1,1,1,1,1,1,1,1,1,1,

==========
src/main/java/Dataset/A/F-(3)/A-Caribbean-cyber-summit_-Gotta-love-it.txt,0

==========
be,take,become,start,throw,make,do,get,involve,have,go,christen,want,say,mean,relax,tell,hack,need,gon,promise,transform,open,keep,enter,accredit,grow,report,specialize,expect,

==========
27,3,3,2,2,2,2,2,2,2,2,1,1,1,1,1,1,1,1,1,1,1,1,1,1,1,1,1,1,1,

==========
src/main/java/Dataset/A/F-(3)/Deep-Dive--5-Threats-Affecting-Hardware.txt,0

==========
be,have,follow,use,publish,get,change,exploit,present,target,find,pose,allow,know,contain,infect,destroy,connect,inject,affect,manage,exist,let,do,include,hack,plug,disclose,mitigate,lead,

==========
75,9,8,7,6,5,4,4,4,4,3,3,3,3,3,3,3,3,3,2,2,2,2,2,2,2,2,2,2,2,

==========
src/main/java/Dataset/A/F-(3)/Expert-tips-to-avoid-falling-victim-to-ransomware.txt,0

==========
be,have,do,pay,get,follow,make,need,see,store,update,expect,let,face,target,start,avoid,lose,suggest,protect,look,fall,go,keep,note,install,help,tune,hear,touch,

==========
42,13,7,5,5,5,4,4,3,3,3,3,2,2,2,2,2,2,2,2,2,2,2,2,2,2,2,1,1,1,

==========
src/main/java/Dataset/A/F-(3)/Fact-or-Fiction-can-a-virus-actually-damage-PC-hardware.txt,0

==========
be,happen,have,follow,do,take,believe,continue,affect,change,spread,feed,interlace,burn,make,resonate,destroy,overclock,cause,bust,allow,say,sleep,pass,pretend,satisfy,hush,corrupt,store,start,

==========
36,4,4,4,3,3,2,2,2,2,1,1,1,1,1,1,1,1,1,1,1,1,1,1,1,1,1,1,1,1,

==========
src/main/java/Dataset/A/F-(3)/Fingers-and-eyes-at-MWC-2017.txt,0

==========
be,have,do,use,present,build,show,become,detect,send,offer,try,see,enable,encrypt,take,decide,call,work,find,understand,require,move,recognize,change,develop,give,write,look,expect,

==========
45,8,8,7,6,4,4,4,3,3,3,3,3,2,2,2,2,2,2,2,2,2,2,2,2,2,2,1,1,1,

==========
src/main/java/Dataset/A/F-(3)/How-Kaspersky-Internet-Security-protects-from-ransomware.txt,0

==========
be,offer,refer,make,have,emerge,steal,protect,block,follow,back,see,need,exact,encrypt,circulate,infect,contact,receive,begin,take,improve,implement,escalate,hide,recover,help,mention,work,put,

==========
22,3,3,3,3,3,2,2,2,2,2,2,2,1,1,1,1,1,1,1,1,1,1,1,1,1,1,1,1,1,

==========
src/main/java/Dataset/A/F-(3)/How-to-explore-the-Internet-safely-on-your-iPad-and-iPhone.txt,0

==========
be,protect,phish,do,block,need,add,exist,discriminate,operate,create,provide,explore,download,pick,support,include,secure,set,work,receive,mean,detect,notify,consult,install,configure,

==========
9,3,2,2,2,2,2,1,1,1,1,1,1,1,1,1,1,1,1,1,1,1,1,1,1,1,1,

==========
src/main/java/Dataset/A/F-(3)/How-to-remove-CoinVault-ransomware-and-restore-your-files.txt,0

==========
be,remove,restore,step,decrypt,do,enter,create,get,see,save,click,go,download,recover,want,steal,install,retrieve,know,read,infect,mark,check,appear,please,run,receive,take,help,

==========
21,7,6,6,6,5,5,4,4,4,4,4,4,4,3,3,3,3,2,2,2,2,2,2,2,2,2,2,1,1,

==========
src/main/java/Dataset/A/F-(3)/International-Tinfoil-Hat-Day-2017.txt,0

==========
be,wrap,protect,have,do,see,use,take,disguise,shield,answer,manage,read,welcome,dry,save,freak,expect,follow,cover,publish,draw,work,institute,learn,begin,look,carry,distract,tinfoil,

==========
13,5,5,4,3,3,3,2,2,2,2,2,2,2,2,2,1,1,1,1,1,1,1,1,1,1,1,1,1,1,

==========
src/main/java/Dataset/A/F-(3)/Is-your-PC-a-part-of-a-botnet_-Check-it!.txt,0

==========
be,use,work,check,make,have,include,shut,distribute,follow,take,infect,think,disrupt,mean,kick,earn,dictate,consist,talk,do,see,design,gather,launch,help,bring,cooperate,believe,vend,

==========
43,6,5,5,4,4,3,3,3,2,2,2,1,1,1,1,1,1,1,1,1,1,1,1,1,1,1,1,1,1,

==========
src/main/java/Dataset/A/F-(3)/It’s-tax-scam-time.txt,0

==========
be,look,do,make,have,get,try,use,see,phish,send,give,access,follow,file,lessen,trust,reach,excite,throw,continue,take,harry,think,include,attempt,entice,provide,pretend,call,

==========
12,7,7,4,4,3,3,3,2,2,2,2,2,2,2,2,2,1,1,1,1,1,1,1,1,1,1,1,1,1,

==========
src/main/java/Dataset/A/F-(3)/Keeping-blockchain-on-track-while-the-hype-fades.txt,0

==========
be,have,need,do,use,say,make,start,distribute,take,find,work,create,get,put,pay,execute,follow,mean,come,change,enable,set,add,manage,happen,talk,contain,affirm,become,

==========
77,14,12,8,8,7,7,4,4,4,4,4,4,3,3,3,3,3,3,2,2,2,2,2,2,2,2,2,2,2,

==========
src/main/java/Dataset/A/F-(3)/Legal-malware-and-cyber-mercenaries.txt,0

==========
be,have,do,become,use,sell,end,prove,enter,purchase,compare,offer,mean,employ,live,integrate,take,carry,connect,entrust,love,ignore,tell,put,afford,exploit,protect,infiltrate,obtain,monitor,

==========
35,6,5,4,4,4,3,3,2,2,2,2,2,2,1,1,1,1,1,1,1,1,1,1,1,1,1,1,1,1,

==========
src/main/java/Dataset/A/F-(3)/My-Precious-Data--Digital-clutter-and-its-dangers.txt,0

==========
be,have,delete,do,update,install,find,use,store,show,manage,take,see,say,release,work,reveal,include,add,leave,adjust,launch,highlight,contain,lose,mean,understand,interact,force,result,

==========
119,27,17,17,15,14,13,12,12,8,6,6,6,6,5,5,5,5,4,4,4,4,4,4,4,4,4,3,3,3,

==========
src/main/java/Dataset/A/F-(3)/My-Precious-Data_-Digital-clutter-and-its-dangers.txt,0

==========
be,have,delete,do,update,install,find,use,store,show,manage,take,see,say,release,work,reveal,include,add,leave,adjust,launch,highlight,contain,lose,mean,understand,interact,force,result,

==========
119,27,17,17,15,14,13,12,12,8,6,6,6,6,5,5,5,5,4,4,4,4,4,4,4,4,4,3,3,3,

==========
src/main/java/Dataset/A/F-(3)/No-More-Ransom-saves-the-day.txt,0

==========
be,have,get,pay,help,do,decrypt,find,hit,ask,know,use,look,make,remain,give,happen,involve,develop,exist,turn,try,work,save,go,contact,offer,receive,raise,add,

==========
27,17,13,9,9,7,6,5,5,5,4,4,4,3,3,3,2,2,2,2,2,2,2,2,2,2,2,2,2,2,

==========
src/main/java/Dataset/A/F-(3)/The-Antarctic-Biennale_-Cybersecurity-meets-science-and-art.txt,0

==========
be,have,save,do,believe,aim,compress,find,sponsor,meet,start,take,target,get,make,leave,cross,head,post,figure,bring,explore,think,change,drop,lose,design,seem,support,unite,

==========
36,8,5,3,3,3,3,3,2,2,2,2,2,2,2,2,2,2,1,1,1,1,1,1,1,1,1,1,1,1,

==========
src/main/java/Dataset/A/F-(3)/The-secret-life-of-apps.txt,0

==========
be,have,do,install,update,delete,download,keep,accord,call,check,adjust,need,bother,replace,cost,care,store,increase,control,start,work,launch,set,behave,find,run,consume,interact,provide,

==========
21,10,9,8,6,3,3,3,2,2,2,2,2,1,1,1,1,1,1,1,1,1,1,1,1,1,1,1,1,1,

==========
src/main/java/Dataset/A/F-(3)/Tip-of-the-week_-Browser-extension-features.txt,0

==========
be,have,open,want,remove,see,set,discuss,protect,keep,stumble,install,ask,enable,provide,block,hide,click,bring,follow,turn,do,gather,make,use,come,enter,let,steal,learn,

==========
6,4,3,2,2,2,2,1,1,1,1,1,1,1,1,1,1,1,1,1,1,1,1,1,1,1,1,1,1,1,

==========
src/main/java/Dataset/A/F-(3)/Too-many-passwords-Try-our-Password-Manager-for-iOS.txt,0

==========
be,use,need,do,remember,make,check,have,value,come,call,try,forget,memorize,enter,log,support,touch,get,duplicate,click,show,find,invent,guess,bring,include,think,secure,torture,

==========
22,7,6,5,4,3,3,2,1,1,1,1,1,1,1,1,1,1,1,1,1,1,1,1,1,1,1,1,1,1,

==========
src/main/java/Dataset/A/F-(3)/Watching-the-World-Cup-or-Downloading-Nasty-Adware_.txt,0

==========
be,watch,want,steal,log,authenticate,download,provide,include,do,ratchet,see,tempt,find,make,work,forewarn,detail,claim,harm,let,require,feed,monitor,send,drain,tell,need,access,try,

==========
22,3,2,2,2,2,2,2,2,2,1,1,1,1,1,1,1,1,1,1,1,1,1,1,1,1,1,1,1,1,

==========
src/main/java/Dataset/A/F-(3)/What-are-exploits-and-why-they-are-so-scary_.txt,0

==========
be,exploit,have,follow,phish,use,contain,run,do,avoid,put,release,update,prevent,detect,mention,take,allow,install,attack,target,fix,perform,know,hit,open,pay,pack,employ,try,

==========
49,12,11,5,5,5,4,4,4,4,3,3,3,3,3,2,2,2,2,2,2,2,2,2,2,2,2,2,2,1,

==========
src/main/java/Dataset/A/F-(3)/Why-you-should-NOT-pay-ransom-to-malware-creators.txt,0

==========
be,pay,do,have,get,protect,use,infect,talk,recommend,begin,encourage,continue,increase,lead,malware,ensure,think,fool,steal,go,bear,return,comment,urge,demand,support,show,give,recover,

==========
16,10,8,3,3,3,3,2,1,1,1,1,1,1,1,1,1,1,1,1,1,1,1,1,1,1,1,1,1,1,

==========
src/main/java/Dataset/A/F-(4)/Deceive-in-order-to-detect.txt,0

==========
be,use,have,detect,defend,protect,target,identify,exploit,compromise,contain,find,carry,make,base,steal,study,get,deceive,imply,obtain,divert,lead,analyze,occur,require,build,set,gain,investigate,

==========
57,19,14,10,8,8,6,6,6,5,5,5,4,4,4,4,4,4,4,3,3,3,3,3,3,3,3,3,3,3,

==========
src/main/java/Dataset/A/F-(4)/Dissecting-Malware.txt,0

==========
be,have,reverse,take,unpack,find,see,learn,do,use,analyze,make,practice,stop,cluster,deliver,train,stump,try,break,benefit,prepare,work,need,know,jump,remain,adapt,join,turn,

==========
20,9,4,3,3,2,2,2,2,2,2,2,2,2,1,1,1,1,1,1,1,1,1,1,1,1,1,1,1,1,

==========
src/main/java/Dataset/A/F-(4)/Features-of-secure-OS-realization.txt,0

==========
be,provide,base,use,implement,develop,include,build,require,apply,have,do,exist,operate,involve,make,guarantee,support,trust,perform,improve,design,run,define,achieve,need,know,compute,fulfil,preserve,

==========
66,17,16,13,12,9,9,8,6,5,5,5,4,4,4,4,4,4,4,4,3,3,3,3,3,3,3,3,2,2,

==========
src/main/java/Dataset/A/F-(4)/How-to-succeed-in-online-investigations-and-digital-forensics.txt,0

==========
be,use,have,book,bring,see,need,know,help,release,benefit,come,gather,create,answer,run,limit,process,analyze,visualize,provide,hide,attempt,make,do,start,discover,learn,get,guarantee,

==========
8,3,2,2,2,2,2,1,1,1,1,1,1,1,1,1,1,1,1,1,1,1,1,1,1,1,1,1,1,1,

==========
src/main/java/Dataset/A/F-(4)/Machine-learning-versus-spam.txt,0

==========
be,use,have,work,see,provide,need,pass,build,appear,make,find,filter,solve,learn,base,understand,occur,identify,do,produce,demonstrate,boost,present,protect,combate,write,deal,detect,ensure,

==========
50,8,6,4,4,3,3,3,3,2,2,2,2,2,2,2,2,2,2,2,2,2,2,1,1,1,1,1,1,1,

==========
src/main/java/Dataset/A/F-(4)/Rocket-AI-and-the-next-generation-of-AV-software.txt,0

==========
be,have,know,create,do,attend,take,protect,put,happen,see,seem,exist,continue,hold,inform,work,tell,devise,cover,relate,please,note,describe,promote,result,contact,estimate,lay,draw,

==========
32,5,4,3,3,2,2,2,2,2,2,2,2,2,1,1,1,1,1,1,1,1,1,1,1,1,1,1,1,1,

==========
src/main/java/Dataset/A/F-(4)/The-cost-of-launching-a-DDoS-attack.txt,0

==========
be,use,offer,have,launch,do,ask,pay,look,register,include,cost,carry,organize,manage,order,come,make,conduct,provide,demonstrate,implement,disclose,distribute,vary,threaten,distract,fall,base,obtain,

==========
19,7,7,6,6,4,4,3,3,3,3,3,2,2,2,2,2,2,2,2,2,2,2,1,1,1,1,1,1,1,

==========
src/main/java/Dataset/A/F-(4)/The-Mistakes-of-Smart-Medicine.txt,0

==========
be,use,have,discover,store,follow,find,result,connect,track,include,contain,access,collect,take,become,mean,relate,evaluate,require,gain,exploit,control,search,show,identify,mention,do,hack,dedicate,

==========
130,23,15,9,7,7,7,7,6,6,6,6,5,5,5,4,4,4,4,4,4,4,4,4,3,3,3,3,3,3,

==========
src/main/java/Dataset/A/F-(4)/Threat-Landscape-for-Industrial-Automation-Systems_-H2-2016.txt,0

==========
be,use,target,attack,have,demonstrate,detect,identify,block,include,perform,see,involve,believe,accord,uncover,close,fix,base,install,start,devote,obtain,distribute,receive,consent,collect,carry,attempt,classify,

==========
34,9,7,5,3,3,3,3,2,2,2,2,2,2,2,2,2,2,2,2,1,1,1,1,1,1,1,1,1,1,

==========
src/main/java/Dataset/A/F-(4)/Top-8-Reasons-You-Don’t-Want-to-Miss-SAS-2017.txt,0

==========
be,have,make,focus,think,share,join,present,provide,talk,near,involve,ask,miss,live,respect,fix,write,break,look,introduce,fill,promise,need,go,protect,renown,een,reveal,chase,

==========
21,4,3,3,3,2,2,2,2,2,1,1,1,1,1,1,1,1,1,1,1,1,1,1,1,1,1,1,1,1,

==========
src/main/java/Dataset/A/F-(5)/CHROME-SECURITY-TEAM-TACKLES-‘FRIENDLY-FIRE’-TO-KEEP-BROWSER-SAFE.txt,0

==========
be,say,have,get,do,create,come,work,call,know,find,remove,reduce,lead,balance,juggle,quash,consider,warn,degrade,expand,enable,need,support,think,figure,try,break,force,spend,

==========
46,15,11,6,4,3,2,2,2,2,2,2,2,1,1,1,1,1,1,1,1,1,1,1,1,1,1,1,1,1,

==========
src/main/java/Dataset/A/F-(5)/DETAILS-AROUND-ROMANIAN-PHISHING-KIT-CREATOR_-CAMPAIGN-REVEALED.txt,0

==========
be,say,have,use,compromise,click,go,find,come,make,exploit,give,track,see,explain,trace,secure,apprehend,describe,begin,entice,enter,look,drive,accord,follow,take,steal,unearth,contain,

==========
20,8,7,5,3,3,2,2,2,2,2,2,2,2,1,1,1,1,1,1,1,1,1,1,1,1,1,1,1,1,

==========
src/main/java/Dataset/A/F-(5)/Half-of-Android-Devices-Unpatched-Last-Year.txt,0

==========
be,say,have,receive,install,drop,update,release,run,rise,come,tout,make,include,do,write,accord,point,increase,highlight,lack,eliminate,pay,download,use,gain,think,reduce,affect,get,

==========
13,9,6,6,5,4,3,3,2,2,2,2,2,2,2,2,2,2,2,1,1,1,1,1,1,1,1,1,1,1,

==========
src/main/java/Dataset/A/F-(5)/Half-of-Ransomware-Victims-Pay-Criminals’-Demands-to-Recover-Data.txt,0

==========
be,say,pay,do,hit,accord,have,report,go,come,compromise,shed,start,include,admit,get,title,sponsor,find,stem,lure,spoof,secure,hide,put,base,comprise,cull,suggest,continue,

==========
20,14,7,4,3,3,3,2,2,2,2,1,1,1,1,1,1,1,1,1,1,1,1,1,1,1,1,1,1,1,

==========
src/main/java/Dataset/A/F-(5)/InterContinental-Hotels-Confirms-Credit-Card-Breach.txt,0

==========
be,use,say,accord,impact,include,have,confirm,find,process,install,target,locate,operate,infect,decline,plague,change,release,post,report,investigate,reveal,show,manage,affect,search,route,provide,single,

==========
19,7,4,3,3,3,3,2,2,2,2,2,1,1,1,1,1,1,1,1,1,1,1,1,1,1,1,1,1,1,

==========
src/main/java/Dataset/A/F-(5)/Nation-States-Distancing-Themselves-from-APTs.txt,0

==========
be,have,say,accord,carry,outsource,contract,build,merit,do,get,give,catch,gain,allow,shift,dodge,take,release,target,range,create,grow,attempt,contact,name,expand,operate,produce,use,

==========
24,13,9,5,3,3,2,2,2,2,2,2,2,1,1,1,1,1,1,1,1,1,1,1,1,1,1,1,1,1,

==========
src/main/java/Dataset/A/F-(5)/Policy-Experts-Push-To-Make-Vulnerability-Equities-Process-Law.txt,0

==========
be,say,have,do,need,make,come,argue,protect,disclose,discover,look,find,codify,put,warn,withhold,exist,know,claim,release,think,hold,buy,call,process,wield,include,degrade,reside,

==========
42,16,7,5,5,5,4,3,3,3,3,3,3,2,2,2,2,2,2,2,2,2,2,2,1,1,1,1,1,1,

==========
src/main/java/Dataset/A/F-(5)/Russian-Speaking-Turla-Joins-APT-Elite.txt,0

==========
be,have,say,see,use,find,base,get,disclose,connect,give,target,release,do,work,link,build,attack,pursue,call,need,wane,present,steal,hijack,water,advance,spy,include,date,

==========
40,8,8,5,5,5,3,3,2,2,2,2,2,2,2,2,2,2,2,2,2,1,1,1,1,1,1,1,1,1,

==========
src/main/java/Dataset/A/F-(5)/Setting-Expectations-Between-States-on-Cyberwar.txt,0

==========
be,say,have,use,come,define,make,do,fight,debate,launch,include,understand,consider,get,see,base,present,go,outline,move,involve,set,try,cross,put,write,lose,become,attack,

==========
31,14,7,5,3,3,3,3,2,2,2,2,2,2,1,1,1,1,1,1,1,1,1,1,1,1,1,1,1,1,

==========
src/main/java/Dataset/A/F-(5)/WikiLeaks-Dump-Shows-CIA-Interdiction-of-iPhone-Supply-Chain.txt,0

==========
be,say,implant,have,develop,include,call,show,target,describe,reach,track,run,date,indicate,install,execute,reply,compromise,accord,reveal,interdict,use,put,infest,exile,air,design,steal,get,

==========
19,8,8,5,4,4,4,3,3,3,3,2,2,2,2,2,2,2,1,1,1,1,1,1,1,1,1,1,1,1,

==========
src/main/java/Dataset/A/F-(6)/A-Tribute-To-My-Friend-Raimund-Genes.txt,0

==========
be,make,have,come,know,lose,join,seek,fight,let,win,continue,share,please,sadden,learn,die,wish,find,describe,feel,convince,found,work,possess,motivate,sit,take,speak,inspire,

==========
17,6,3,3,3,2,2,2,2,2,2,2,2,2,1,1,1,1,1,1,1,1,1,1,1,1,1,1,1,1,

==========
src/main/java/Dataset/A/F-(6)/Achieving-Real-Time-Threat-Prevention-with-TippingPoint-Machine-Learning.txt,0

==========
be,use,detect,make,block,have,announce,blend,optimize,protect,learn,conduct,allow,cover,evolve,in-line,prevent,target,advance,include,filter,analyze,customize,provide,give,defend,know,focus,collect,base,

==========
14,7,5,3,3,3,2,2,2,2,2,2,2,1,1,1,1,1,1,1,1,1,1,1,1,1,1,1,1,1,

==========
src/main/java/Dataset/A/F-(6)/Adobe-and-Apple-to-Outpace-Microsoft-in-2017-Vulnerability-Discoveries.-So-What-Now_.txt,0

==========
be,have,discover,go,make,target,do,come,think,outpace,shield,develop,mean,see,exploit,work,take,consider,lie,highlight,continue,head,broaden,change,become,write,accord,compare,double,happen,

==========
22,7,3,3,3,3,2,2,2,2,2,2,2,2,2,1,1,1,1,1,1,1,1,1,1,1,1,1,1,1,

==========
src/main/java/Dataset/A/F-(6)/Another-Challenge-For-IoT-Open-Backdoors.txt,0

==========
be,lead,compromise,work,hit,recur,threaten,post,make,have,report,do,fix,underlie,implement,add,obtain,summarize,exploit,find,test,show,update,cause,result,recommend,connect,leave,provide,

==========
8,2,2,2,1,1,1,1,1,1,1,1,1,1,1,1,1,1,1,1,1,1,1,1,1,1,1,1,1,

==========
src/main/java/Dataset/A/F-(6)/CTO-Insights-The-General-Data-Protection-Regulation-(GDPR)-Is-Coming_-What-Now.txt,0

==========
be,have,need,do,collect,store,expect,prepare,comply,pay,say,require,take,find,make,act,designate,update,base,see,recommend,enter,email,use,exploit,serve,look,design,harmonize,bring,

==========
36,11,9,8,5,4,3,3,3,2,2,2,2,2,2,2,2,2,1,1,1,1,1,1,1,1,1,1,1,1,

==========
src/main/java/Dataset/A/F-(6)/Data-Privacy-Day-2017--Tips-for-Protecting-Small-Businesses.txt,0

==========
be,make,do,become,protect,predict,focus,ensure,implement,exploit,have,back,store,educate,save,provide,host,offer,bet,email,plague,witness,foresee,cash,increase,lay,take,consider,include,see,

==========
26,6,5,4,4,2,2,2,2,2,2,2,2,2,2,2,2,2,1,1,1,1,1,1,1,1,1,1,1,1,

==========
src/main/java/Dataset/A/F-(6)/Devices-Exposing-Critical-Industries-and-U.S.-Cities.txt,0

==========
be,expose,take,compromise,have,use,identify,include,exploit,steal,put,sell,provide,prevent,secure,read,connect,continue,intertwine,process,grow,gain,dig,detail,control,pose,hinge,look,disrupt,try,

==========
27,13,4,4,4,3,3,3,2,2,2,2,2,2,2,2,1,1,1,1,1,1,1,1,1,1,1,1,1,1,

==========
src/main/java/Dataset/A/F-(6)/Don’t-let-those-holiday-photos-disappear.-Here’s-how-to-protect-your-home-network.txt,0

==========
be,do,use,have,protect,suggest,create,keep,need,change,provide,avoid,want,call,defend,include,believe,take,encrypt,log,trust,go,alert,click,work,save,mean,get,add,store,

==========
40,17,14,10,7,4,4,3,3,3,3,3,2,2,2,2,2,2,2,2,2,2,2,2,2,2,1,1,1,1,

==========
src/main/java/Dataset/A/F-(6)/Everyone-Is-$$$-To-Cybercriminals-Using-Ransomware.txt,0

==========
be,have,see,continue,do,attack,think,look,know,go,make,scale,stop,turn,pull,need,run,add,change,reduce,use,love,sit,watch,get,emphasize,become,roll,reinforce,eat,

==========
50,7,5,5,4,4,3,3,3,3,3,3,3,2,2,2,2,2,2,2,1,1,1,1,1,1,1,1,1,1,

==========
src/main/java/Dataset/A/F-(6)/Five-Cybersecurity-Resolutions-Every-CISO-Should-Have-On-Their-List.txt,0

==========
be,protect,have,use,improve,become,develop,start,look,hope,set,secure,see,adopt,help,continue,educate,know,create,incorporate,compromise,detect,assume,bid,accomplish,reside,go,fall,found,like,

==========
28,6,5,5,3,3,3,2,2,2,2,2,2,2,2,2,2,2,2,2,2,2,2,1,1,1,1,1,1,1,

==========
src/main/java/Dataset/A/F-(6)/Five-Questions-with-XentIT.txt,0

==========
be,have,do,work,feel,come,understand,specialize,manage,tell,get,make,know,need,listen,say,sit,upcome,found,determine,implement,provide,include,send,question,give,fit,face,put,see,

==========
40,11,6,3,3,3,2,2,2,2,2,2,2,2,2,2,1,1,1,1,1,1,1,1,1,1,1,1,1,1,

==========
src/main/java/Dataset/A/F-(6)/From-hackers’-point-of-views--New-study-exposes-their-strategies.txt,0

==========
be,use,do,have,exploit,take,seek,think,come,mean,provide,include,know,understand,find,target,perform,interview,glean,accord,tell,force,detect,discover,need,conclude,change,protect,underpin,extract,

==========
34,7,6,5,5,4,4,4,3,3,3,3,3,3,3,3,2,2,2,2,2,2,2,2,2,2,2,2,2,2,

==========
src/main/java/Dataset/A/F-(6)/Healthcare-Under-Attack--Trend-Micro-Reveals-All-in-New-Report.txt,0

==========
be,have,steal,expose,face,go,provide,grow,understand,hope,help,create,file,use,include,find,build,store,become,link,accord,seek,produce,settle,top,report,remember,fetch,contain,blend,

==========
33,8,4,4,4,3,3,3,2,2,2,2,2,2,2,2,2,1,1,1,1,1,1,1,1,1,1,1,1,1,

==========
src/main/java/Dataset/A/F-(6)/How-to-keep-non-tech-savvy-family-members-safe-from-cybercriminals.txt,0

==========
be,do,use,take,have,protect,go,stay,say,suggest,need,help,make,start,discuss,increase,understand,think,become,conduct,learn,come,begin,spend,limit,note,connect,teach,accord,expose,

==========
48,12,9,8,7,7,7,6,6,5,5,5,5,5,5,4,4,4,4,3,3,3,3,3,3,2,2,2,2,2,

==========
src/main/java/Dataset/A/F-(6)/Industry-Recognition-adds-to-Trends-Micro’s-Exceptional-Employer-Reputation.txt,0

==========
be,have,make,provide,take,create,work,help,exchange,mean,do,grow,join,commit,believe,strive,gear,announce,name,recognize,celebrate,conduct,assess,include,score,highlight,promote,implement,evaluate,live,

==========
8,4,3,3,2,2,2,1,1,1,1,1,1,1,1,1,1,1,1,1,1,1,1,1,1,1,1,1,1,1,

==========
src/main/java/Dataset/A/F-(6)/Is-West-Africa-Poised-for-an-Underground-Market.txt,0

==========
be,see,have,run,reside,steal,hijack,go,obtain,bind,arrest,base,feature,do,conduct,stumble,dub,gather,end,install,allow,access,find,give,profile,classify,liken,like,brag,communicate,

==========
12,4,4,3,3,2,2,2,2,2,2,1,1,1,1,1,1,1,1,1,1,1,1,1,1,1,1,1,1,1,

==========
src/main/java/Dataset/A/F-(6)/Is-Your-Organization-Prepared-When-the-Extortionists-Come-Calling_.txt,0

==========
be,have,see,show,know,find,do,deal,say,give,affect,want,infect,compromise,provide,surprise,base,use,protect,state,indicate,block,ask,come,focus,phish,invest,help,check,partner,

==========
40,19,9,6,5,5,5,4,4,4,3,3,3,3,3,2,2,2,2,2,2,2,2,2,2,2,2,2,2,1,

==========
src/main/java/Dataset/A/F-(6)/Mediaserver-Vulnerabilities-Highlight-Android’s-March-Security-Bulletin.txt,0

==========
be,use,cause,exploit,craft,update,rate,trigger,post,discover,disclose,report,publish,contain,encourage,avoid,accept,address,note,receive,need,confirm,see,allow,run,surround,involve,become,have,enhance,

==========
18,5,5,4,4,3,3,3,2,2,2,2,1,1,1,1,1,1,1,1,1,1,1,1,1,1,1,1,1,1,

==========
src/main/java/Dataset/A/F-(6)/Millennials-may-be-tech-savvy_-but-they-could-learn-a-thing-or-two-from-baby-boomers.txt,0

==========
be,have,say,use,do,protect,connect,get,accord,stay,learn,bring,keep,come,hack,follow,secure,think,appear,believe,cyber,go,conduct,reveal,compare,let,travel,mean,work,take,

==========
49,13,10,9,9,7,7,5,5,4,4,4,4,4,4,3,3,3,2,2,2,2,2,2,2,2,2,2,2,2,

==========
src/main/java/Dataset/A/F-(6)/Moving-To-Serverless-Cloud-Apps.txt,0

==========
be,have,do,focus,make,let,get,provide,understand,lead,use,gain,expect,become,spin,migrate,need,pay,describe,run,solve,take,block,offer,glue,raise,start,call,delegate,reduce,

==========
27,8,6,4,4,3,2,2,2,2,2,2,2,2,1,1,1,1,1,1,1,1,1,1,1,1,1,1,1,1,

==========
src/main/java/Dataset/A/F-(6)/Routers-Under-Attack-Current-Security-Flaws-and-How-to-Fix-Them.txt,0

==========
be,have,find,make,use,infect,understand,take,lose,do,modify,redirect,click,enlarge,mention,come,affect,change,protect,secure,install,base,discover,call,chalk,access,connect,review,expose,reconfigure,

==========
25,6,5,5,5,3,3,3,2,2,2,2,2,2,2,2,2,2,2,2,1,1,1,1,1,1,1,1,1,1,

==========
src/main/java/Dataset/A/F-(6)/Securing-Our-Smart-Cities--Why-We-All-Need-to-Be-Aware-of-the-Threats-Out-There.txt,0

==========
be,have,use,represent,consider,improve,connect,track,help,monitor,reach,control,do,face,mention,hack,breach,allow,redefine,live,work,blend,cut,overcome,associate,raise,produce,investigate,lie,continue,

==========
35,9,6,3,2,2,2,2,2,2,2,2,2,2,2,2,2,2,1,1,1,1,1,1,1,1,1,1,1,1,

==========
src/main/java/Dataset/A/F-(6)/Server-security_-that-stands-the-test-of-time.txt,0

==========
be,have,build,do,manage,adopt,evolve,become,continue,protect,power,secure,try,understand,design,support,blend,exist,come,name,work,create,call,invest,develop,base,grow,leave,get,run,

==========
20,8,3,3,3,2,2,2,2,2,2,2,2,2,2,2,2,2,1,1,1,1,1,1,1,1,1,1,1,1,

==========
src/main/java/Dataset/A/F-(6)/SHA-1--9_223_372_036_854_775_808-Reasons-Not-To-Worry.txt,0

==========
be,have,do,make,use,take,run,update,need,review,demonstrate,try,change,get,know,give,publish,mean,hash,rely,break,keep,understand,grasp,handle,reduce,fix,call,digest,represent,

==========
60,12,5,5,4,4,4,4,3,3,2,2,2,2,2,2,2,2,2,2,1,1,1,1,1,1,1,1,1,1,

==========
src/main/java/Dataset/A/F-(6)/Shopping-online-at-work-can-expose-your-company-to-cyber-criminals.txt,0

==========
be,shop,say,keep,do,give,find,update,have,love,cost,protect,educate,take,offer,include,instruct,check,leave,seem,accord,purchase,hire,reveal,spend,mean,bother,hurt,lurk,pause,

==========
18,6,5,5,4,3,3,3,2,2,2,2,2,2,2,2,2,2,2,2,1,1,1,1,1,1,1,1,1,1,

==========
src/main/java/Dataset/A/F-(6)/Stolen-Memories--Why-cyber-thieves-attack-personal-over-financial-data.txt,0

==========
be,have,do,steal,make,lose,face,take,go,keep,find,extract,apply,speak,claim,lie,raise,clue,reduce,learn,know,conduct,continue,grow,discover,infect,assume,design,account,put,

==========
29,7,3,3,3,3,2,2,2,2,2,2,2,2,2,1,1,1,1,1,1,1,1,1,1,1,1,1,1,1,

==========
src/main/java/Dataset/A/F-(6)/Taiwanese-Trenders-Volunteer-to-Help-Young-Students-Learn-to-Code.txt,0

==========
be,provide,develop,have,organize,hold,continue,partner,build,live,limit,tutor,solve,learn,code,work,prepare,join,act,recruit,include,scratch,plan,host,look,share,excite,

==========
8,2,2,2,2,2,2,1,1,1,1,1,1,1,1,1,1,1,1,1,1,1,1,1,1,1,1,

==========
src/main/java/Dataset/A/F-(6)/The-Healthcare-Underground-Electronic-Health-Records-for-Sale.txt,0

==========
be,have,steal,sell,use,know,mean,give,affect,face,contain,lose,take,make,buy,cost,effect,differ,title,look,happen,monetize,create,include,abuse,estimate,end,pay,try,resolve,

==========
17,5,4,4,3,3,2,2,2,2,2,2,2,2,2,2,1,1,1,1,1,1,1,1,1,1,1,1,1,1,

==========
src/main/java/Dataset/A/F-(6)/The-Server-Compute-Evolution-Continues…as-does-Trend-Micro’s-Market-Leadership-in-Server-Security.txt,0

==========
be,have,include,need,deal,lead,secure,compute,protect,believe,say,help,tout,apply,enable,read,move,defend,conduct,support,agree,change,recognize,work,provide,combine,name,go,vie,address,

==========
19,10,5,4,4,3,3,3,3,2,2,2,2,2,2,2,1,1,1,1,1,1,1,1,1,1,1,1,1,1,

==========
src/main/java/Dataset/A/F-(6)/Threat-Actors-will-come-up-with-new-Targeted-Attack-Tactics-that-Circumvent-Current-Anti-evasion-Solutions.txt,0

==========
be,have,see,target,infiltrate,improve,utilize,use,ensure,cover,look,replace,do,occur,address,add,include,deal,challenge,say,show,hacking/phishing/skimming,grow,associate,worry,know,refine,appear,diminish,state,

==========
21,7,6,4,3,3,3,3,3,2,2,2,2,2,2,2,2,1,1,1,1,1,1,1,1,1,1,1,1,1,

==========
src/main/java/Dataset/A/F-(6)/Time-to-Upgrade-as-Microsoft-Ends-Vista-Support.txt,0

==========
be,have,know,operate,come,do,grow,design,need,mean,upgrade,target,protect,become,exploit,provide,affect,see,invest,lock,stay,afford,keep,withdraw,release,install,engineer,improve,generate,make,

==========
27,5,3,3,3,3,2,2,2,2,2,2,2,2,2,2,2,2,2,1,1,1,1,1,1,1,1,1,1,1,

==========
src/main/java/Dataset/A/F-(6)/Trend-Micro-Highest-Among-Leaders-in-the-2017-Gartner-Magic-Quadrant-for-Endpoint-Protection-Platforms.txt,0

==========
be,have,remain,emerge,deliver,know,exploit,pay,announce,position,execute,include,accord,demonstrate,change,claim,reflect,make,quantify,devote,find,believe,validate,result,substantiate,implement,blend,advance,combat,apply,

==========
11,6,3,2,2,2,2,1,1,1,1,1,1,1,1,1,1,1,1,1,1,1,1,1,1,1,1,1,1,1,

==========
src/main/java/Dataset/A/F-(6)/Trend-Micro-Named-as-a-Leader-in-IDC-MarketScape-on-Worldwide-Email-Security.txt,0

==========
be,include,begin,recognize,help,fit,name,email,see,target,power,ensure,block,enhance,acknowledge,specialize,use,deliver,emerge,listen,adapt,appreciate,bundle,make,highlight,try,infuse,set,strive,save,

==========
7,3,2,2,2,2,1,1,1,1,1,1,1,1,1,1,1,1,1,1,1,1,1,1,1,1,1,1,1,1,

==========
src/main/java/Dataset/A/F-(6)/Trend-Micro-TippingPoint®-Named-a-Leader-in-2017-Gartner-Magic-Quadrant-for-Intrusion-Detection-and-Prevention-Systems-(IDPS).txt,0

==========
be,provide,have,name,make,offer,deliver,enhance,increase,reduce,evaluate,do,execute,believe,illustrate,target,distribute,keep,power,®,affect,announce,design,need,scale,meet,pull,take,base,allow,

==========
8,4,2,2,2,2,2,2,2,2,2,2,1,1,1,1,1,1,1,1,1,1,1,1,1,1,1,1,1,1,

==========
src/main/java/Dataset/A/F-(6)/What-Would-You-Change-About-the-Internet_.txt,0

==========
be,change,imagine,do,spend,make,have,tell,secure,share,use,bear,think,weave,deal,love,enter,win,enjoy,connect,keep,entertain,wander,buy,click,let,encounter,pose,know,block,

==========
32,3,2,2,2,2,2,2,2,2,2,1,1,1,1,1,1,1,1,1,1,1,1,1,1,1,1,1,1,1,

==========
src/main/java/Dataset/A/F-(6)/When-the-Chips-are-Down_-We-Pull-Together--Trend-Micro’s-Corporate-Responsibility.txt,0

==========
be,have,help,make,do,spend,live,work,want,come,give,build,support,include,face,seem,pull,look,reach,engage,shape,happen,thrill,refurbish,convert,learn,install,become,invite,feel,

==========
22,6,6,4,3,3,2,2,2,2,2,2,2,2,1,1,1,1,1,1,1,1,1,1,1,1,1,1,1,1,

==========
src/main/java/Dataset/A/F-(6)/Why-hackers-are-increasingly-targeting-electronic-health-records.txt,0

==========
be,have,make,leave,use,accord,sit,fetch,ensure,breach,steal,go,leverage,see,sell,protect,skyrocket,occur,total,feel,cyber,let,take,look,target,implement,maintain,share,search,lose,

==========
23,5,5,3,3,2,2,2,2,2,2,2,2,2,2,2,1,1,1,1,1,1,1,1,1,1,1,1,1,1,

==========
src/main/java/Dataset/A/F-(6)/Will-2017-be-the-Year-IoT-Threats-Go-Mainstream_.txt,0

==========
be,have,see,target,go,take,work,exploit,predict,do,use,compromise,find,hack,try,change,live,make,enable,flaw,get,devastate,become,come,reveal,probe,feature,create,launch,affect,

==========
19,5,4,3,3,3,2,2,2,2,2,2,2,2,2,1,1,1,1,1,1,1,1,1,1,1,1,1,1,1,

==========
src/main/java/Dataset/A/T/Malware-campaign-targets-open-source-developers-on-GitHub.txt,1

==========
be,have,infect,target,find,see,steal,use,offer,attach,make,please,take,click,spy,work,try,emerge,attempt,launch,notice,arrive,write,discuss,amaze,look,hesitate,contact,highlight,regard,

==========
30,4,3,3,3,3,3,2,2,2,2,2,2,2,2,2,1,1,1,1,1,1,1,1,1,1,1,1,1,1,

==========
src/main/java/Dataset/A/T/Phishers-target-World-of-Warcraft-users-with-fake-in-game-pet-offer.txt,1

==========
be,have,do,target,purchase,phish,use,enter,lead,contain,promise,detect,fly,mount,name,see,call,receive,claim,send,need,enjoy,follow,announce,embrace,appear,affect,say,continue,serve,

==========
6,4,3,2,2,2,2,2,2,2,1,1,1,1,1,1,1,1,1,1,1,1,1,1,1,1,1,1,1,1,

==========
src/main/java/Dataset/A/T/Scareware-scammers-lock-iOS-Safari-to-extort-ransom-from-users.txt,1

==========
be,use,have,report,visit,lock,extort,tap,prompt,encounter,avoid,pay,regain,make,learn,explain,lose,provide,show,overlay,open,put,prevent,achieve,abuse,handle,see,leave,agree,send,

==========
8,6,4,3,3,2,2,2,2,2,2,2,2,2,1,1,1,1,1,1,1,1,1,1,1,1,1,1,1,1,

==========
src/main/java/Dataset/A/T/Smart-sex-toy's-security-flaws-fulfil-every-hacker's-fantasy,1

==========
be,do,use,come,connect,turn,take,mean,write,fulfil,suffer,make,steal,name,need,open,install,view,know,involve,decide,examine,find,accept,configure,geolocate,dump,expose,grepp,poke,

==========
9,4,4,3,3,2,2,2,2,1,1,1,1,1,1,1,1,1,1,1,1,1,1,1,1,1,1,1,1,1,

==========
src/main/java/Dataset/A/T/Triada-Android-spyware-evades-anti-virus-detection-by-using-DroidPlugin-sandbox.txt,1

==========
be,use,install,have,do,evade,offend,go,target,mint,deceive,steal,want,infect,outfit,invoke,hide,execute,communicate,enable,conduct,carry,explain,start,load,run,implement,base,suspect,bypass,

==========
10,6,4,4,4,2,1,1,1,1,1,1,1,1,1,1,1,1,1,1,1,1,1,1,1,1,1,1,1,1,

==========
src/main/java/Dataset/A/T-(2)/Malvertising-and-Exploit-Kits-Still-a-Significant-Threat--FireEye.txt,1

==========
be,use,redirect,observe,host,leverage,malvertise,inject,have,exploit,infect,associate,register,lead,continue,support,appear,load,abuse,act,pose,warn,visit,install,shadow,hide,explain,traffic,refer,affect,

==========
30,14,7,7,6,5,4,4,4,3,3,3,3,3,2,2,2,2,2,2,1,1,1,1,1,1,1,1,1,1,

==========
src/main/java/Dataset/A/T-(2)/Neutrino-Bot-Gets-Protective-Loader.txt,1

==========
be,add,have,execute,blacklist,distribute,do,deploy,run,observe,use,leverage,perform,contain,encode,modify,say,create,detect,report,know,exploit,detail,appear,get,hide,pack,explain,malvertise,include,

==========
34,7,5,4,4,3,3,3,3,2,2,2,2,2,2,2,2,2,2,1,1,1,1,1,1,1,1,1,1,1,

==========
src/main/java/Dataset/A/T-(3)/Allegedly-40-apps-on-App-Store-are-infected.txt,1

==========
be,have,download,find,infect,build,compromise,follow,use,clean,turn,design,affect,create,suffer,do,detect,include,hail,make,spend,monitor,set,stalk,launch,seem,target,speak,involve,distribute,

==========
29,5,4,3,3,3,3,3,3,2,2,2,2,2,2,2,1,1,1,1,1,1,1,1,1,1,1,1,1,1,

==========
src/main/java/Dataset/A/T-(3)/Desert-Falcons_-The-Middle-East’s-Preeminent-APT.txt,1

==========
be,have,say,use,steal,include,target,spy,begin,uncover,advance,dub,know,operate,develop,deploy,determine,sponsor,consist,design,execute,conceal,intend,fuel,impact,follow,go,read,accord,relate,

==========
17,6,4,4,3,3,2,2,2,1,1,1,1,1,1,1,1,1,1,1,1,1,1,1,1,1,1,1,1,1,

==========
src/main/java/Dataset/A/T-(3)/iOS-Vulnerability-Behind-WireLurker-Apple-Malware-Revealed.txt,1

==========
be,have,say,infect,follow,disclose,target,call,give,replace,do,upload,use,move,overstate,download,discover,exploit,affect,suggest,compel,lead,relate,provision,double,check,sign,appear,circulate,remain,

==========
19,7,4,4,3,2,2,2,2,2,2,2,2,2,2,2,1,1,1,1,1,1,1,1,1,1,1,1,1,1,

==========
src/main/java/Dataset/A/T-(3)/Is-your-PC-a-part-of-a-botnet-Check-it.txt,1

==========
be,use,work,check,make,have,include,shut,distribute,follow,take,infect,think,disrupt,mean,kick,earn,dictate,consist,talk,do,see,design,gather,launch,help,bring,cooperate,believe,vend,

==========
43,6,5,5,4,4,3,3,3,2,2,2,1,1,1,1,1,1,1,1,1,1,1,1,1,1,1,1,1,1,

==========
src/main/java/Dataset/A/T-(3)/Naikon-APT-steals-geopolitical-data-from-the-South-China-Sea.txt,1

==========
be,have,exploit,install,take,manage,set,know,include,appear,devise,advance,target,locate,accord,say,infect,masquerade,open,employ,conduct,create,send,phish,follow,hellse,provide,intercept,issue,download,

==========
10,4,3,3,3,3,3,2,2,2,2,1,1,1,1,1,1,1,1,1,1,1,1,1,1,1,1,1,1,1,

==========
src/main/java/Dataset/A/T-(3)/No-monkeys-for-CozyDuke.txt,1

==========
be,mitigate,target,offer,have,include,launch,work,use,trust,restrict,permit,follow,deal,limit,avoid,help,mention,base,deliver,contain,compromise,play,install,receive,mistake,think,share,assist,give,

==========
20,5,4,4,4,3,3,3,3,2,2,2,2,2,2,2,2,1,1,1,1,1,1,1,1,1,1,1,1,1,

==========
src/main/java/Dataset/A/T-(3)/TeslaCrypt-2.0-ransomware_-stronger-and-more-dangerous.txt,1

==========
be,have,include,emerge,use,learn,detect,steal,follow,see,change,encrypt,distribute,exploit,update,take,target,scare,store,make,save,interrupt,extract,mention,discover,implement,prevent,back,publish,refer,

==========
28,7,4,3,3,2,2,2,2,2,2,2,2,2,2,1,1,1,1,1,1,1,1,1,1,1,1,1,1,1,

==========
src/main/java/Dataset/A/T-(3)/The-continual-evolution-of-mobile-malware.txt,1

==========
be,detect,protect,follow,do,continue,go,grow,steal,pay,come,infect,install,know,increase,see,enter,use,find,open,prevent,fail,look,expect,create,stay,make,send,include,have,

==========
49,8,7,7,6,5,4,4,4,4,3,3,3,3,3,3,3,3,3,2,2,2,2,2,2,2,2,2,2,2,

==========
src/main/java/Dataset/A/T-(3)/What-are-exploits-and-why-they-are-so-scary.txt,1

==========
be,exploit,have,follow,phish,use,contain,run,do,avoid,put,release,update,prevent,detect,mention,take,allow,install,attack,target,fix,perform,know,hit,open,pay,pack,employ,try,

==========
49,14,11,5,5,5,4,4,4,4,3,3,3,3,3,2,2,2,2,2,2,2,2,2,2,2,2,2,2,1,

==========
src/main/java/Dataset/A/T-(3)/ZCryptor_-The-conqueror-worm.txt,1

==========
be,use,do,have,encrypt,get,detect,follow,infect,see,add,exploit,bring,start,become,distribute,pay,avoid,protect,prevent,agree,go,need,give,report,spread,prey,focus,seek,expand,

==========
16,5,4,4,4,3,3,3,3,2,2,2,2,2,2,2,2,2,2,2,1,1,1,1,1,1,1,1,1,1,

==========
src/main/java/Dataset/A/T-(4)/ATMitch--remote-administration-of-ATMs.txt,1

==========
be,find,have,recover,leave,cash,use,remove,follow,contain,dispense,create,execute,retrieve,note,publish,describe,collect,explore,move,enable,receive,target,gain,restore,delete,enter,convert,catch,mention,

==========
24,6,3,3,2,2,2,2,2,2,2,2,2,2,2,1,1,1,1,1,1,1,1,1,1,1,1,1,1,1,

==========
src/main/java/Dataset/A/T-(4)/Breaking-The-Weakest-Link-Of-The-Strongest-Chain.txt,1

==========
be,use,have,send,break,install,implement,collect,follow,compromise,lure,target,download,schedule,rely,see,require,show,base,do,mention,execute,give,take,call,hit,push,allow,extend,remain,

==========
30,11,8,7,6,6,6,5,4,3,3,3,3,3,2,2,2,2,2,2,2,2,2,2,2,1,1,1,1,1,

==========
src/main/java/Dataset/A/T-(4)/Expensive-free-apps.txt,1

==========
be,use,have,find,upload,try,include,make,see,show,send,call,focus,pay,seem,regard,log,refer,develop,get,host,subscribe,do,support,follow,talk,bypass,become,achieve,pass,

==========
51,24,14,9,9,6,5,4,4,4,2,2,2,2,2,2,2,2,2,2,2,2,2,2,2,1,1,1,1,1,

==========
src/main/java/Dataset/A/T-(4)/Fileless-attacks-against-enterprise-networks.txt,1

==========
be,use,follow,make,hide,find,detect,need,have,require,install,discover,leave,store,become,participate,generate,set,result,affect,infect,describe,please,\,modify,attack,rotate,depend,extract,drop,

==========
42,23,9,4,4,4,4,3,3,3,3,3,2,2,2,2,2,2,2,2,2,2,2,2,2,1,1,1,1,1,

==========
src/main/java/Dataset/A/T-(4)/From-Shamoon-to-StoneDrill.txt,1

==========
be,use,target,have,appear,do,wipe,include,embed,find,observe,activate,know,take,make,expand,implement,exclude,exist,provide,continue,begin,direct,return,cut,post,justify,see,compromise,share,

==========
31,8,6,6,5,5,4,4,4,4,3,2,2,2,2,2,2,2,2,2,2,1,1,1,1,1,1,1,1,1,

==========
src/main/java/Dataset/A/T-(4)/KopiLuwak--A-New-JavaScript-Payload-from-Turla.txt,1

==========
be,use,have,\,name,run,decode,write,base,send,contain,set,delete,observe,appear,create,avoid,see,find,code,execute,store,perform,follow,compromise,profile,allow,know,leverage,intensify,

==========
52,20,16,7,6,5,5,5,4,4,4,4,4,3,3,3,3,3,3,3,3,3,3,3,3,2,2,2,2,2,

==========
src/main/java/Dataset/A/T-(4)/Lazarus-Under-The-Hood.txt,1

==========
be,have,use,see,run,do,know,make,come,believe,include,find,connect,like,start,share,add,look,manage,seem,install,protect,require,break,mention,attempt,steal,follow,confirm,wipe,

==========
84,27,11,10,8,7,5,5,5,5,4,4,4,4,4,3,3,3,3,3,3,3,3,2,2,2,2,2,2,2,

==========
src/main/java/Dataset/A/T-(4)/New(ish)-Mirai-Spreader-Poses-New-Risks.txt,1

==========
be,\,have,spread,download,run,pose,execute,steal,use,provide,see,include,observe,do,serve,bring,take,enable,force,scan,attack,copy,pull,compile,introduce,host,appear,cmd.exe,ftp.exe,

==========
48,22,10,6,6,5,5,5,4,3,3,3,3,2,2,2,2,2,2,2,2,2,2,2,2,2,2,2,2,2,

==========
src/main/java/Dataset/A/T-(4)/Penquin’s-Moonlit-Maze.txt,1

==========
be,have,leverage,use,allow,turn,know,do,leave,claim,say,track,take,make,go,look,compile,release,become,need,collect,provide,find,create,evolve,mean,steal,include,hijack,codename,

==========
55,15,7,6,5,4,4,4,3,3,3,3,3,3,3,3,3,3,3,3,3,3,3,3,2,2,2,2,2,2,

==========
src/main/java/Dataset/A/T-(4)/Previously-unknown-ransomware-technique.txt,1

==========
use,be,target,encrypt,make,generate,do,implement,call,replace,find,install,decide,have,need,dub,pass,follow,contain,penetrate,get,write,allow,decrypt,overwrite,proceed,hook,show,flash,describe,

==========
24,23,6,6,6,6,6,4,4,4,3,3,3,3,3,3,3,3,3,2,2,2,2,2,2,2,2,2,2,2,

==========
src/main/java/Dataset/A/T-(4)/Ransomware-in-targeted-attacks.txt,1

==========
be,use,have,install,organize,encrypt,create,penetrate,acquire,ensure,attract,target,steal,detect,launch,develop,compare,entail,make,base,do,take,involve,look,search,guess,buy,reach,purchase,last,

==========
22,9,5,5,3,3,2,2,2,2,1,1,1,1,1,1,1,1,1,1,1,1,1,1,1,1,1,1,1,1,

==========
src/main/java/Dataset/A/T-(5)/Android-Trojan-Switcher-Infects-Routers-via-DNS-Hijacking.txt,1

==========
be,have,use,do,accord,work,target,go,make,say,review,take,change,infect,funnel,facilitate,turn,discover,dub,see,commandeer,mimic,pass,locate,share,download,get,attack,carry,guess,

==========
9,7,6,4,3,3,2,2,2,2,2,2,2,1,1,1,1,1,1,1,1,1,1,1,1,1,1,1,1,1,

==========
src/main/java/Dataset/A/T-(5)/ANDROID-VARIANT-OF-NOTORIOUS-PEGASUS-SPYWARE-FOUND.txt,1

==========
be,say,have,write,target,use,accord,find,believe,install,begin,call,allow,take,exfiltrate,track,remove,read,discover,carry,vow,fight,secure,create,base,see,produce,publish,utilize,know,

==========
24,9,6,5,4,4,4,3,3,3,3,2,2,2,2,2,2,1,1,1,1,1,1,1,1,1,1,1,1,1,

==========
src/main/java/Dataset/A/T-(5)/Blank-Slate-Spam-Campaign-Spreads-Cerber-Ransomware.txt,1

==========
be,host,say,have,establish,contain,believe,write,spread,infect,register,get,start,reveal,see,change,breathe,call,abuse,shift,attempt,pick,wait,fix,identify,survive,seem,evade,enable,download,

==========
31,7,7,4,4,3,3,3,2,2,2,2,2,2,2,2,1,1,1,1,1,1,1,1,1,1,1,1,1,1,

==========
src/main/java/Dataset/A/T-(5)/Data-Stealing-Malware-TeamSpy-Resurfaces-in-Spam-Campaign.txt,1

==========
be,say,have,observe,drop,use,include,detect,open,update,resurface,suggest,identify,trace,surmise,focus,hide,tie,launch,spread,rely,spam,trick,rig,disguise,activate,hijack,write,log,send,

==========
31,9,3,3,3,3,3,2,2,2,1,1,1,1,1,1,1,1,1,1,1,1,1,1,1,1,1,1,1,1,

==========
src/main/java/Dataset/A/T-(5)/Dridex-Trojan-Gets-A-Major-‘AtomBombing’-Update.txt,1

==========
be,use,have,say,execute,write,call,accord,spot,update,include,see,modify,release,force,do,allow,inject,make,evade,base,know,identify,begin,target,go,return,implement,exhibit,monitor,

==========
21,9,7,7,4,4,4,3,3,2,2,2,2,2,2,2,2,2,2,1,1,1,1,1,1,1,1,1,1,1,

==========
src/main/java/Dataset/A/T-(5)/Fileless-Banking-Malware-Attackers-Break-In_-Cash-Out_-Disappear.txt,1

==========
be,use,carry,describe,say,have,execute,install,hit,delete,transfer,call,give,dispense,begin,ask,contain,share,find,open,believe,discover,connect,determine,leave,drop,tabulate,attacker,manage,include,

==========
36,12,5,5,5,4,4,3,3,3,3,2,2,2,2,2,2,2,2,2,2,2,2,2,2,1,1,1,1,1,

==========
src/main/java/Dataset/A/T-(5)/Necurs-Botnet-Learns-New-DDoS-Trick.txt,1

==========
be,accord,say,start,have,include,use,add,make,go,notice,appear,send,work,learn,spew,deliver,launch,modify,limp,find,communicate,engineer,look,accept,realize,cause,explain,describe,post,

==========
20,4,4,4,3,3,3,2,2,2,2,2,2,2,1,1,1,1,1,1,1,1,1,1,1,1,1,1,1,1,

==========
src/main/java/Dataset/A/T-(5)/NetWire-RAT-Back_-Stealing-Payment-Card-Data.txt,1

==========
be,have,open,discover,get,do,think,scrape,accord,download,claim,enter,use,make,pilfer,swipe,boast,sniff,detail,come,rely,linger,spot,collect,train,target,name,execute,unload,work,

==========
25,6,4,3,3,3,2,2,2,2,2,2,2,1,1,1,1,1,1,1,1,1,1,1,1,1,1,1,1,1,

==========
src/main/java/Dataset/A/T-(5)/NEW-RAT-TARGETS-KOREANS-AND-IS-SKILLED-AT-EVADING-DETECTION.txt,1

==========
be,say,use,target,have,identify,compromise,exploit,leverage,detect,believe,write,send,phish,download,warn,execute,get,call,make,dub,word,break,disappear,join,cover,clean,co-author,regard,post,

==========
23,9,6,4,3,3,3,3,2,2,2,2,2,2,2,2,2,2,2,2,1,1,1,1,1,1,1,1,1,1,

==========
src/main/java/Dataset/A/T-(5)/Zeus-Variant-‘Floki-Bot’-Targets-PoS-Data.txt,1

==========
be,use,have,write,inject,sell,release,accord,say,target,warn,continue,attempt,base,go,enable,distribute,include,scrape,share,defeat,observe,evolve,exploit,confirm,flash,coordinate,gain,buy,see,

==========
32,8,6,5,4,3,3,3,3,2,2,2,2,2,2,2,2,2,2,2,2,1,1,1,1,1,1,1,1,1,

==========
src/main/java/Dataset/A/T-(6)/CERBER-Changes-Course_-Triple-Checks-for-Security-Software.txt,1

==========
be,detect,have,encrypt,email,go,install,block,associate,see,exploit,add,do,imply,include,protect,stop,keep,sell,give,start,avoid,leave,whitelist,file,exclude,check,use,share,spare,

==========
25,8,5,5,4,3,3,3,3,2,2,2,2,2,2,2,2,1,1,1,1,1,1,1,1,1,1,1,1,1,

==========
src/main/java/Dataset/A/T-(6)/FighterPOS-PoS-Malware-Gets-Worm-Routine.txt,1

==========
be,have,use,detect,affect,connect,gather,appear,spread,base,see,add,include,disable,drop,make,do,contain,protect,talk,steal,come,improve,increase,note,write,lead,speculate,operate,shift,

==========
28,8,4,4,3,3,3,3,2,2,2,2,2,2,2,2,2,2,2,1,1,1,1,1,1,1,1,1,1,1,

==========
src/main/java/Dataset/A/T-(6)/Let’s-Encrypt-Now-Being-Abused-By-Malvertisers.txt,1

==========
be,have,abuse,create,use,encrypt,do,update,let,malvertise,set,make,regard,keep,lead,host,believe,identify,note,disguise,help,issue,ensure,exploit,clarify,consider,pay,found,eliminate,provide,

==========
40,12,6,6,5,4,4,4,3,3,2,2,2,2,2,2,2,2,2,2,2,2,2,2,2,1,1,1,1,1,

==========
src/main/java/Dataset/A/T-(6)/Lurk_-Retracing-the-Group’s-Five-Year-Campaign.txt,1

==========
be,exploit,use,serve,include,update,do,lurk,observe,have,deliver,compromise,host,target,employ,execute,detect,become,base,develop,find,indicate,operate,go,see,connect,post,involve,download,end,

==========
83,18,13,9,8,7,6,6,6,5,5,5,5,4,4,4,4,3,3,3,3,3,3,3,3,3,2,2,2,2,

==========
src/main/java/Dataset/A/T-(6)/MajikPOS-Combines-PoS-Malware-and-RATs-to-Pull-Off-its-Malicious-Tricks.txt,1

==========
be,use,have,steal,detect,install,send,secure,sell,post,affect,make,start,update,scrape,name,employ,determine,gain,modify,register,call,base,take,utilize,deploy,implement,mitigate,protect,ensure,

==========
46,14,7,5,4,4,3,3,3,2,2,2,2,2,2,2,2,2,2,2,2,2,2,2,2,2,2,2,2,2,

==========
src/main/java/Dataset/A/T-(6)/RATANKBA_-Delving-into-Large-scale-Watering-Holes-against-Enterprises.txt,1

==========
be,use,have,see,compromise,update,look,deliver,affect,involve,exploit,target,connect,do,employ,protect,help,observe,provide,include,detect,contain,find,post,come,trust,infect,know,complement,flow,

==========
62,19,10,8,7,7,6,5,5,5,5,4,4,4,4,4,4,3,3,3,3,3,3,2,2,2,2,2,2,2,

==========
src/main/java/Dataset/A/T-(6)/The-Eye-of-the-Storm_-A-Look-at-EyePyramid_-the-Malware-Supposedly-Used-in-High-Profile-Hacks-in-Italy.txt,1

==========
be,use,obfuscate,exfiltrate,include,base,post,appear,open,conclude,follow,send,note,pay,have,target,check,dive,arrest,hold,serve,codename,browse,manage,compromise,belong,see,load,plant,find,

==========
13,6,4,3,3,3,2,2,2,2,2,2,2,2,2,1,1,1,1,1,1,1,1,1,1,1,1,1,1,1,

==========
src/main/java/Dataset/A/T-(6)/TorrentLocker-Changes-Attack-Method_-Targets-Leading-European-Countries.txt,1

==========
be,detect,have,use,download,take,protect,come,continue,work,include,post,allow,disguise,package,contain,click,go,occur,discover,check,show,ensure,involve,follow,block,evolve,remain,begin,claim,

==========
28,18,8,6,4,4,4,3,3,3,3,2,2,2,2,2,2,2,2,2,2,2,2,2,2,2,1,1,1,1,

==========
